oid,site_id,name1,coe,ref_address,street1,street2,city,state_usa,zipcode,phone1,asm,ba,name_ba,mat_info,bu,bui,nu,vti,mu,additional_info,phone2,walk_in_hours,wih_induction,oit,op,mhs,ccc,hs,pw,male,sp,ales,f47,f92,f17,f44,archival_only,why_hidden,date_firstfind,date_lastfind,data_review
1,S00046,ADDICTION MEDICINE AND HEALTH ADVOCATES (AMHA),False,"928 MARKET ST, 19107",928 Market St,,Philadelphia,PA,19107,215-923-4202,,,,MMT induction,,,,,True,IOP/OP | Spanish; Child care on site,,,,True,True,,True,,,,True,,,,,,False,,2020-02-28,,
2,S00047,ASOCIACION PUERTORRIQUENOS EN MARCHA (APM),False,"4301 RISING SUN AVE, PHILA, 19140",4301 Rising Sun Ave,,Philadelphia,PA,19140,267-296-7200,,,,Buprenorphine induction,True,True,,,,IOP/OP; MH Tx on-site | Spanish,,,,True,True,True,,,,,True,,,,,,False,,2020-02-28,,
3,S00048,CASA DE CONSEJERIA Y SALUD INTEGRAL,False,"213 W ALLEGHENY AVE, 19140",213 West Allegheny Ave,,Philadelphia,PA,19133,215-634-3259,,,,Buprenorphine induction,True,True,,,,IOP,,,,True,,,,,,,,,,,,,False,,2020-02-28,,zipcode corrected from 19140 to 19133 per SAMHSA entry & Google Maps
4,S00049,CHANCES- PHILA HEALTH MGMT CORP (PHMC),False,"1200 CALLOWHILL ST, SUITE 102, 19123",1200 Callowhill St,Suite 102,Philadelphia,PA,19123,215-825-8220,,,,Buprenorphine induction,True,True,,,,OP/IOP,,,,True,True,,,,,,,,,,,,False,,2020-02-28,,
5,S00051,COMHAR,False,"2055 E. ALLEGHENY AVE, 19134",2055 East Allegheny Ave,,Philadelphia,PA,19134,215-427-5800,,,,Buprenorphine induction,True,True,,,,OP; MH Tx on-site | Spanish | Registration: (267) 861-4382,267-861-4382,,,,True,True,,,,,True,,,,,,False,,2020-02-28,,
6,S00052,COMHAR,False,"2600 N AMERICAN ST, 19133",2600 North American St,,Philadelphia,PA,19133,215-739-2669,,,,Buprenorphine induction,True,True,,,,OP; MH Tx on-site | Spanish | Registration: (267) 861-4382,267-861-4382,,,,True,True,,,,,True,,,,,,False,,2020-04-13,,
7,S00053,THE CONSORTIUM,False,"451 S. UNIVERSITY AVE, 19104",451 South University Ave,,Philadelphia,PA,19104,215-596-8000,,,,MMT induction | Vivitrol,,,True,,True,IOP/OP; MH Tx on-site | Spanish; Child care on site,,,,True,True,True,True,,,,True,,,,,,False,,2020-02-28,,
8,S00054,DREXEL MEDICINE CARING TOGETHER CLINIC,False,"4700 WISSAHICKON AVE, 19144",4700 Wissahickon Ave,,Philadelphia,PA,19144,215-967-2130,,,,Buprenorphine/Vivitrol maintenance,True,,True,,,"OP | Females only, Child care on site",,,,,True,,True,,,False,,,,,,,False,,2020-02-28,,
9,S00001,GAUDENZIA OUTREACH I,False,"1306 SPRING GARDEN ST, 19123",1306 Spring Garden St,,Philadelphia,PA,19123,215-238-2150,True,True,Gaudenzia,Vivitrol,,,True,,,IOP/OP; MH Tx on-site | Spanish,,,,True,True,True,,,,,True,,,,,,False,,2020-02-28,,[_] Should buprenorphine become True? (see Assessment directory entry [page 2] for same address)
10,S00003,GAUDENZIA-DRC,False,"3200 HENRY AVE, 19129",3200 Henry Ave,,Philadelphia,PA,19129,215-991-9700,,True,DRC,Vivitrol,,,True,,,IOP/OP,,,,True,True,,,,,,,,,,,,False,,2020-02-28,,
11,S00055,GREATER PHILA ASIAN SOCIAL SERVICES CENTER,False,"4943 N. 5TH ST, 19120",4943 North 5th St,,Philadelphia,PA,19120,215-456-1662,,,,Vivitrol,,,True,,,"IOP/OP | Spanish, Korean, Vietnamese, Chinese, Cambodian",,,,True,True,,,,,,True,True,True,True,True,True,False,,2020-02-28,,
12,S00012,"INTERIM HOUSE, INC. - PHMC",False,"333 W. UPSAL ST, 19139",333 West Upsal St,,Philadelphia,PA,19119,215-849-4606,,True,Interim House,Buprenorphine induction | Vivitrol,True,True,True,,,IOP/OP; MH Tx on-site | Spanish,,,,True,True,True,,,,,True,,,,,,False,,2020-02-28,,zipcode corrected from 19139 (West) to 19119 (NW) per Google Maps & SAMHSA entry
13,S00056,JEVS HUMAN SERVICES - ACT I,False,"5820 OLD YORK ROAD, 19141",5820 Old York Rd,,Philadelphia,PA,19141,215-276-8400,,,,MMT induction,,,,,True,IOP/OP,,,,True,True,,,,,,,,,,,,False,,2020-02-28,,
14,S00057,JEVS HUMAN SERVICES - ACT II,False,"1745 N. 4TH ST, 19122",1745 North 4th St,,Philadelphia,PA,19122,215-236-0100,,,,MMT induction,,,,,True,IOP/OP | Spanish,,,,True,True,,,,,,True,,,,,,False,,2020-02-28,,
15,S00058,JOHN F. KENNEDY BEHAVIORAL HEALTH CENTER (JFK),False,"907 N. BROAD ST, 19123",907 North Broad St,,Philadelphia,PA,19123,215-235-5520,,,,MMT induction,,,,,True,OP; MH Tx on-site,,,,,True,True,,,,,,,,,,,False,,2020-02-28,,
16,S00059,JOHN F. KENNEDY BEHAVIORAL HEALTH CENTER (JFK),False,"112 N BROAD ST, 19102",112 North Broad St,,Philadelphia,PA,19102,215-556-0860,,,,Vivitrol,,,True,,,OP; MH Tx on-site,,,,,True,True,,,,,,,,,,,False,,2020-04-13,,
17,S00014,KENSINGTON HOSPITAL,False,"136 DIAMOND ST, 19122",136 Diamond St,,Philadelphia,PA,19122,215-426-8100,,True,Kensington,MMT induction,,,,,True,OP,,,,,True,,,,,,,,,,,,False,,2020-02-28,,
18,S00060,MERAKEY BEHAVIORAL HEALTH,False,"5000 PARKSIDE AVE, 19131",5000 Parkside Ave,,Philadelphia,PA,19131,215-879-6116,,,,Buprenorphine induction | MMT induction & Vivitrol,True,True,True,,True,IOP/OP; MH Tx on-site,,M-F 7a-5:30p; Sa 8a-1:30p; Su 8-11:30a,True,True,True,True,,,,,,,,,,,False,,2020-02-28,,
19,S00061,MERAKEY BEHAVIORAL HEALTH,False,"5429 GERMANTOWN AVE, 19144",5429 Germantown Ave,,Philadelphia,PA,19144,215-754-0240,,,,Buprenorphine induction | MMT induction & Vivitrol,True,True,True,,True,IOP/OP; MH Tx on-site,,7a-5:30p,True,True,True,True,,,,,,,,,,,False,,2020-02-28,,
20,S00081,MERAKEY BEHAVIORAL HEALTH,False,"100 E LEHIGH AVE, 19125",100 East Lehigh Ave,,Philadelphia,PA,19125,215-634-2520,True,,,Buprenorphine induction | Vivitrol,True,True,True,,,IOP/OP; MH Tx on-site,,M-F 8a-5p,True,True,True,True,,,,,,,,,,,False,,2020-02-28,,"[_] Should Assessment stay True? (same address, different phone and name [Temple/Episcopal] on page 2)"
21,S00062,MERAKEY BEHAVIORAL HEALTH,False,"11082 KNIGHTS ROAD, 19154",11082 Knights Rd,,Philadelphia,PA,19154,215-632-9040,,,,Buprenorphine induction | Vivitrol,True,True,True,,,IOP/OP,,M-F 8a-5p,True,True,True,,,,,,,,,,,,False,,2020-02-28,,
22,S00024,NORTH PHILA HEALTH SYSTEM - GOLDMAN CLINIC,False,"801 W. GIRARD AVE, 19122",801 West Girard Ave,,Philadelphia,PA,19122,215-787-2000,,True,NPHS,MMT induction | Vivitrol,,,True,,True,IOP/OP | Spanish,,,,True,True,,,,,,True,,,,,,False,,2020-02-28,,
23,S00063,NET CENTERS,False,"499 N. 5TH ST, 19123",499 North 5th St,,Philadelphia,PA,19123,215-451-7100,,,,Buprenorphine induction | Vivitrol,True,True,True,,,IOP/OP; MH Tx on-site,,,,True,True,True,,,,,,,,,,,False,,2020-02-28,,
24,S00033,NET CENTERS,False,"2205 BRIDGE ST, 19137",2205 Bridge St,,Philadelphia,PA,19137,215-743-6150,,,,Buprenorphine induction | MMT induction & Vivitrol,True,True,True,,True,IOP/OP; MH Tx on-site,,"M-W 7a-5p, Th 7-11a; F 7a-12p",True,True,True,True,,,,,,,,,,,False,,2020-02-28,,
25,S00064,NET CENTERS,False,"7520 STATE ROAD, 19136",7520 State Rd,,Philadelphia,PA,19136,267-348-3550,,,,Buprenorphine induction | MMT induction & Vivitrol,True,True,True,,True,IOP/OP; MH Tx on-site | Child care on site,,[unspecified],True,True,True,True,True,,,,,,,,,,False,,2020-02-28,,
26,S00065,NET CENTERS,False,"4625 FRANKFORD AVE, 2ND FL, 19124",4625 Frankford Ave,2nd Floor,Philadelphia,PA,19124,267-597-3920,,,,Buprenorphine induction,True,True,,,,OP; MH Tx 1st FL | Spanish,,M-F 9a-4p,True,,True,True,,,,,True,,,,,,False,,2020-02-28,,
27,S00066,PATHWAYS TO HOUSING*,True,"5201 OLD YORK ROAD, SUITE 108, 19141",5201 Old York Rd,Suite 108,Philadelphia,PA,19141,215-390-1500,,,,Buprenorphine induction | Vivitrol,True,True,True,,,Spanish | Housing Assistance,,,,,,,,True,,,True,,,,,,False,,2020-02-28,,
28,S00045,PATHWAYS TO RECOVERY (PHMC),False,"2301 EAST ALLEGHENY AVE, 19134",2301 East Allegheny Ave,,Philadelphia,PA,19134,215-731-2402,True,,,Vivitrol & Buprenorphine | MMT clinic coordination,True,,True,,True,Partial Hospital Program; MH Tx on-site | Spanish,,,,,,True,,,,,True,,,,,,False,,2020-02-28,,
29,S00067,PENN MEDICINE MOTHERS MATTER PROGRAM*,True,"3400 SPRUCE ST, 1 WEST GATES, 19103",3400 Spruce St,1 West Gates,Philadelphia,PA,19103,267-593-2969,,,,Buprenorphine induction,True,True,,,,Pregnant Women,,,,,,,,,True,,,,,,,,False,,2020-02-28,,
30,S00068,PENN OUTPATIENT (TOTAL RECOVERY),False,"8220 CASTOR AVE, 19152",8220 Castor Ave,,Philadelphia,PA,19152,215-728-4600,,,,Vivitrol & Suboxone | Buprenorphine induction,True,True,True,,,IOP/OP | Spanish,,M-F: 8:30a - 4:30p; 2nd Floor,,True,True,,,,,,True,,,,,,False,,2020-04-13,,"[_] Should walk-in hours be True? (not coded yellow in PDF, but lists hours)"
31,S00050,PEOPLE ACTING TO HELP (PATH),False,"1200 CALLOWHILL ST, 1st Floor, 19123",1200 Callowhill St,1st Floor,Philadelphia,PA,19123,267-398-0247,,,,Buprenorphine induction | Vivitrol,True,True,True,,,OP,,,,,True,,,,,,,,,,,,False,,2020-04-13,,
32,S00050,PHMC CARE CLINIC MAT PROGRAM*,True,"1200 CALLOWHILL ST, 1st Floor, 19123",1200 Callowhill St,1st Floor,Philadelphia,PA,19123,267-398-0247,,,,Buprenorphine induction | Vivitrol,True,True,True,,,Health Care Center | Spanish; PCP,,,,,,,,,,,True,,,,,,False,,2020-02-28,,
33,S00069,PREVENTION POINT*,True,"2913-2915 KENSINGTON AVE, 19134",2913-2915 Kensington Ave,,Philadelphia,PA,19134,215-634-5272,,,,Buprenorphine induction | Vivitrol,True,True,True,,,Harm Reduction Svcs | Spanish,,,,,,,,,,,True,,,,,,False,,2020-02-28,,
34,S00070,PROJECT HOME (STEPHEN KLEIN WELLNESS CENTER)*,True,"2144 CECIL B. MOORE AVE, 19121",2144 Cecil B. Moore Ave,,Philadelphia,PA,19121,215-320-6187 x5756,,,,Buprenorphine induction | Vivitrol induction,True,True,True,True,,,,,,,,,,,,,,,,,,,False,,2020-02-28,,[_] Should housing services be True? (previous address listed it in additional_information)
35,S00071,SOAR CORP,False,"9150 MARSHALL ST, SUITE 2, 19114",9150 Marshall St,Suite 2,Philadelphia,PA,19114,215-464-4450,,,,MMT induction,,,,,True,IOP/OP,,,,True,True,,,,,,,,,,,,False,,2020-02-28,,
36,S00072,THOMAS JEFFERSON UNIVERSITY FAMILY CENTER*,True,"1233 LOCUST ST, SUITE 201, 19107",1233 Locust St,Suite 201,Philadelphia,PA,19107,215-955-8577,,,,MMT induction | Bupe maintenance,,,,,True,"*MATER; IOP/OP; MH Tx on-site | Females only, pregnancy, child care on site",,,,True,True,True,True,,True,False,,,,,,,False,,2020-02-28,,
37,S00073,THOMAS JEFFERSON UNIVERSITY (NARP)*,True,"1021 S 21ST ST, 19146",1021 South 21st St,,Philadelphia,PA,19146,215-735-5979,,,,MMT induction | Bupe maintenance,,,,,True,IOP/OP; MH Tx on-site | Spanish,,,,True,True,True,,,,,True,,,,,,False,,2020-02-28,,"MAT info added Buprenorphine in mid 2020 and updated address (but at same loc: was ""21st & WASHINGTON AVE, 19147"", same phone)"
38,S00074,TEMPLE TWO PROGRAM*,True,"3401 N BROAD ST, 19140",3401 North Broad St,,Philadelphia,PA,19140,215-707-3008,,,,Buprenorphine induction,True,True,,,,Partners with the Wedge MC | OB-GYN Svcs,,,,,,,,,True,,,,,,,,False,,2020-02-28,,
39,S00075,WEDGE MEDICAL CENTER*,True,"3609 N. BROAD ST, 19140",3609 North Broad St,,Philadelphia,PA,19140,215-276-3922,,,,Buprenorphine induction | Vivitrol,True,True,True,,,Partners with Temple TWO | Spanish; IOP/OP; MH Tx on-site,,M-W 2-3:30p,True,True,True,True,,,,,True,,,,,,False,,2020-02-28,,Does Temple TWO partnership mean this site has services for pregnant women?
40,S00076,WEDGE MEDICAL CENTER*,True,"2009 S. BROAD ST, 19148",2009 South Broad St,,Philadelphia,PA,19148,215-276-3922,,,,Buprenorphine induction | Vivitrol,True,True,True,,,Partners with Temple TWO | IOP/OP; MH Tx on-site,,M 2-3:30p,True,True,True,True,,,,,,,,,,,False,,2020-02-28,,Does Temple TWO partnership mean this site has services for pregnant women?
41,S00077,WEDGE MEDICAL CENTER*,True,"4243 FRANKFORD AVE, 19124",4243 Frankford Ave,,Philadelphia,PA,19124,215-276-3922,,,,Buprenorphine induction | Vivitrol,True,True,True,,,Partners with Temple TWO | IOP/OP; MH Tx on-site,,T 2-3:30p,True,True,True,True,,,,,,,,,,,False,,2020-02-28,,Does Temple TWO partnership mean this site has services for pregnant women?
42,S00039,NET Access Point,False,"499 North 5th Street, Suite B, Philadelphia, PA 19123",499 North 5th St,Suite B,Philadelphia,PA,19123,844-533-8200,True,,,Buprenorphine & Vivitrol Induction,True,True,True,True,,Open 24 hours/day and 7 days/week | Website: www.netcenters.org,215-408-4987,,,,,,,,,,,,,,,,False,,2020-02-28,,
43,S00040,Friends Hospital,False,4641 Roosevelt Blvd.,4641 Roosevelt Blvd,,Philadelphia,PA,19124,215-831-2600,True,,,,,,,,,Crisis Response Center,,,,,,,,,,,,,,,,,False,,2020-02-28,,
44,S00041,Einstein Medical Center,False,5501 Old York Rd.,5501 Old York Rd,,Philadelphia,PA,19141,215-951-8300,True,,,,,,,,,Crisis Response Center,,,,,,,,,,,,,,,,,False,,2020-02-28,,
45,S00042,Pennsylvania Hospital (Hall Mercer),False,245 S. 8th St.,245 South 8th St,,Philadelphia,PA,19106,215-829-5433,True,,,,,,,,,Crisis Response Center,,,,,,,,,,,,,,,,,False,,2020-02-28,,
46,S00043,Temple/Episcopal Hospital,False,100 E. Lehigh Ave.,100 East Lehigh Ave,,Philadelphia,PA,19125,215-707-2577,True,,,,,,,,,Crisis Response Center,,,,,,,,,,,,,,,,,False,,2020-02-28,,"[_] Should buprenorphine and/or Vivitrol become True? (see Community Programs entry [page 3] for same address, different phone & name [Merakey])"
47,S00044,Philadelphia Children’s Crisis Response Center,False,"3300 Henry Ave. Falls Two Building, 3rd Floor",3300 Henry Ave,"Falls Two Building, 3rd Floor",Philadelphia,PA,19129,215-878-2600,True,,,,,,,,,Crisis Response Center,,,,,,,,,,,,,,,,,False,,2020-02-28,,
48,S00045,Pathways to Recovery (PHMC) Partial Hospitalization,False,"2301 East Allegheny Avenue, Philadelphia, PA 19134",2301 East Allegheny Ave,,Philadelphia,PA,19134,215-731-2404,True,,,Buprenorphine & Vivitrol Induction,True,True,True,True,,English/Spanish,,,,,,,,,,,True,,,,,,False,,2020-02-28,,
49,S00001,Gaudenzia,False,"1306 Spring Garden, Philadelphia, PA 19123",1306 Spring Garden St,,Philadelphia,PA,19123,267-315-6907,True,True,Gaudenzia,Buprenorphine Maintenance,True,,,,,Withdrawal Management,,,,,,,,,,,,,,,,,False,,2020-03-30,,"[_] Should Vivitrol become True? (see Community Programs entry [page 3] for same address, different phone)"
50,S00011,Mercy Hospital,False,501 S. 54th St.,501 South 54th St,,Philadelphia,PA,19143,215-831-2600,True,,,,,,,,,Crisis Response Center,,,,,,,,,,,,,,,,,True,Source removed listing,2020-02-28,2020-03-30,"No longer listed: 2020-04-03. Facility status in flux, 2020 and 2021: https://whyy.org/articles/penn-med-phmc-lead-coalition-to-save-mercy-philadelphia-hospital/"
51,S00298,PENN MEDICINE PRESBYTERIAN MEDICAL CENTER*,True,"3910 POWELTON AVE, 5TH FL, 19104",3910 Powelton Ave,5th Floor,Philadelphia,PA,19104,267-809-5080,,,,Buprenorphine induction,True,True,,,,IOP/OP | Spanish,,,,True,True,,,,,,True,,,,,,True,Source removed listing,2020-02-28,2020-04-08,
52,S00299,PROJECT HOME*,True,"1515 FAIRMOUNT AVE, 19104",1515 Fairmount Ave,,Philadelphia,PA,19104,215-320-6187 x5756,,,,Buprenorphine induction | Vivitrol,True,True,True,,,Housing Assistance,,,,,,,,True,,,,,,,,,,,2020-02-28,2020-04-08,