,DB:,site_id,url_site,phone1,phone2,street_address,address_suppl,zip5,name_system,name_site,hfp_fqhc_id,samhsa_ftloc_id,samhsa_otp_id,dbhids_tad_id,archival_only,why_hidden,data_review_notes,latitude,longitude,mat_avail,mat_bupe,mat_mtd,mat_ntrex,fqhc,primary_care,pay_medicaid,pay_private_insur,pay_medicare,pay_military_insur,pay_assistance_avail,pay_self_cash,pay_otherstate_insur,pay_fed_funding,pay_none_accepted,address_full,location
0,1,S00001,https://www.phila.gov/departments/department-of-public-health/,215-685-4758,,1101 Market St,8th Floor,19107,City of Philadelphia Public Health,"Ambulatory Health Services, Main Admin Office",1.0,,,,True,Not a practice site,,39.95216399894662,-75.15866700334412,,,,,,,,,,,,,,,,"1101 Market St Philadelphia, PA19107","1101 Market St, Philadelphia, Pennsylvania, 19107"
1,2,S00002,https://www.phila.gov/services/mental-physical-health/city-health-centers/,215-685-1803,,1700 South Broad St,Suite 201,19145,City of Philadelphia Public Health,District Health Center #2,2.0,,,,,,,39.929035017233815,-75.16936197651987,,,,,,,,,,,,,,,,"1700 South Broad St Philadelphia, PA19145","1700 S Broad St, Philadelphia, Pennsylvania, 19145"
2,3,S00003,https://www.phila.gov/services/mental-physical-health/city-health-centers/,215-685-7504,,555 South 43rd St,,19104,City of Philadelphia Public Health,District Health Center #3,3.0,,,,,,,39.94888192803673,-75.20905320167002,,,,,,,,,,,,,,,,"555 South 43rd St Philadelphia, PA19104","555 S 43rd St, Philadelphia, Pennsylvania, 19104"
3,4,S00004,https://www.phila.gov/services/mental-physical-health/city-health-centers/,215-685-7601,,4400 Haverford Ave,,19104,City of Philadelphia Public Health,District Health Center #4,4.0,,,,,,,39.96252819211948,-75.21063115503848,,,,,,,,,,,,,,,,"4400 Haverford Ave Philadelphia, PA19104","4400 Haverford Ave, Philadelphia, Pennsylvania, 19104"
4,5,S00005,https://www.phila.gov/services/mental-physical-health/city-health-centers/,215-685-2933,,1900 North 20th St,,19121,City of Philadelphia Public Health,District Health Center #5,5.0,,,,,,,39.98317100572547,-75.16693499645541,,,,,,,,,,,,,,,,"1900 North 20th St Philadelphia, PA19121","1900 N 20th St, Philadelphia, Pennsylvania, 19121"
5,6,S00006,https://www.phila.gov/services/mental-physical-health/city-health-centers/,215-685-3803,,301 West Girard Ave,,19123,City of Philadelphia Public Health,District Health Center #6,6.0,,,,,,"PDPH and HFP websites both list 301 for street_address, but 321 is used in most providers' data (Google Maps recognizes both)",39.97020998502626,-75.14187997912144,,,,,,,,,,,,,,,,"301 West Girard Ave Philadelphia, PA19123","301 W Girard Ave, Philadelphia, Pennsylvania, 19123"
6,7,S00007,https://www.phila.gov/services/mental-physical-health/city-health-centers/,215-685-5701,,131 East Chelten Ave,,19144,City of Philadelphia Public Health,District Health Center #9,7.0,,,,,,,40.037949598699555,-75.172674578659,,,,,,,,,,,,,,,,"131 East Chelten Ave Philadelphia, PA19144","131 E Chelten Ave, Philadelphia, Pennsylvania, 19144"
7,8,S00008,https://www.phila.gov/services/mental-physical-health/city-health-centers/,215-685-0639,,2230 Cottman Ave,,19149,City of Philadelphia Public Health,District Health Center #10,8.0,,,,,,,40.04832960284416,-75.06110716311154,,,,,,,,,,,,,,,,"2230 Cottman Ave Philadelphia, PA19149","2230 Cottman Ave, Philadelphia, Pennsylvania, 19149"
8,9,S00009,https://www.phila.gov/services/mental-physical-health/city-health-centers/,215-685-2401,,2840 West Dauphin St,,19132,City of Philadelphia Public Health,Strawberry Mansion Health Center,9.0,,,,,,,39.990843828753086,-75.17931232063066,,,,,,,,,,,,,,,,"2840 West Dauphin St Philadelphia, PA19132","2840 W Dauphin St, Philadelphia, Pennsylvania, 19132"
9,10,S00010,https://dvch.org/,215-235-9600,,1412 Fairmount Ave,2nd Floor,19130,"Delaware Valley Community Health, Inc. (DVCH)",Main Admin Office,10.0,,,,True,Not a practice site,,39.96682000810597,-75.16141299864343,,,,,,,,,,,,,,,,"1412 Fairmount Ave Philadelphia, PA19130","1412 Fairmount Ave, Philadelphia, Pennsylvania, 19130"
10,11,S00011,https://dvch.org/fairmount-primary/,215-235-9600,,1412 Fairmount Ave,,19130,"Delaware Valley Community Health, Inc. (DVCH)",Fairmount Primary Care Center,11.0,,,,,,,39.96682000810597,-75.16141299864343,,,,,,,,,,,,,,,,"1412 Fairmount Ave Philadelphia, PA19130","1412 Fairmount Ave, Philadelphia, Pennsylvania, 19130"
11,12,S00012,https://dvch.org/fairmount-primary-girard/,215-827-8010,,801 West Girard Ave,,19122,"Delaware Valley Community Health, Inc. (DVCH)",Fairmount Primary Care Center at Girard Medical Center,12.0,,,,,,,39.97151299378439,-75.15021502745813,,,,,,,,,,,,,,,,"801 West Girard Ave Philadelphia, PA19122","801 W Girard Ave, Philadelphia, Pennsylvania, 19122"
12,13,S00013,https://dvch.org/fairmount-primary-horizon-house/,215-222-2466,,120 South 30th St,,19104,"Delaware Valley Community Health, Inc. (DVCH)",Fairmount Primary Care Center at Horizon House,13.0,,,,,,,39.952804025856615,-75.18392368600165,,,,,,,,,,,,,,,,"120 South 30th St Philadelphia, PA19104","120 S 30th St, Philadelphia, Pennsylvania, 19104"
13,14,S00014,https://dvch.org/fairmount-primary-sharon-hill/,610-278-7381,,800 Chester Pike,,19079,"Delaware Valley Community Health, Inc.",Fairmount Primary Care Center at Sharon Hill,14.0,,,,,,,39.911871016915825,-75.26989795978642,,,,,,,,,,,,,,,,"800 Chester Pike Philadelphia, PA19079","800 Chester Pike, Sharon Hill, Pennsylvania, 19079"
14,15,S00015,https://dvch.org/maria-de-los-santos-health-center/,215-291-2500,,401 West Allegheny Ave,,19133,"Delaware Valley Community Health, Inc. (DVCH)",Maria de los Santos Health Center,15.0,,,,,,,40.00052100047495,-75.1380579989115,,,,,,,,,,,,,,,,"401 West Allegheny Ave Philadelphia, PA19133","401 W Allegheny Ave, Philadelphia, Pennsylvania, 19133"
15,16,S00016,https://dvch.org/maria-de-los-santos-womens-health/,215-207-0522,,400 West Allegheny Ave,Unit B-5,19133,"Delaware Valley Community Health, Inc.",Maria de los Santos Women’s Health Center,16.0,,,,,,,39.99909498728769,-75.13685703982453,,,,,,,,,,,,,,,,"400 West Allegheny Ave Philadelphia, PA19133","400 W Allegheny Ave, Philadelphia, Pennsylvania, 19133"
16,17,S00017,https://dvch.org/norristown-regional-health/,610-278-7787,,1401 DeKalb St,,19401,"Delaware Valley Community Health, Inc.",Norristown Regional Health Center,17.0,,,,,,,40.12376402044845,-75.33376998982102,,,,,,,,,,,,,,,,"1401 DeKalb St Philadelphia, PA19401","1401 Dekalb St, Norristown, Pennsylvania, 19401"
17,18,S00018,https://dvch.org/parkview-health-center/,215-537-7695,,841 East Hunting Park Ave,Suite 201,19124,"Delaware Valley Community Health, Inc. (DVCH)",Parkview Health Center,18.0,,,,,,,40.01208299771514,-75.11034700791834,,,,,,,,,,,,,,,,"841 East Hunting Park Ave Philadelphia, PA19124","841 E Hunting Park Ave, Philadelphia, Pennsylvania, 19124"
18,19,S00019,https://esperanzahealth.com/,215-302-3150,,4417 North 6th St,,19140,Esperanza Health Center,Main Admin Office,19.0,,,,True,Not a practice site,,40.0189339881851,-75.13651204068982,,,,,,,,,,,,,,,,"4417 North 6th St Philadelphia, PA19140","4417 N 6th St, Philadelphia, Pennsylvania, 19140"
19,20,S00020,https://esperanzahealth.com/,215-302-3600,215-302-3150,4417 North 6th St,,19140,Esperanza Health Center,Hunting Park Site,20.0,,,,,,,40.0189339881851,-75.13651204068982,,,,,,,,,,,,,,,,"4417 North 6th St Philadelphia, PA19140","4417 N 6th St, Philadelphia, Pennsylvania, 19140"
20,21,S00021,https://esperanzahealth.com/patients/our-locations/,215-302-3600,215-831-1100,861 East Allegheny Ave,,19134,Esperanza Health Center,Kensington Site,21.0,,,,,,,39.99678698833881,-75.11348502482916,,,,,,,,,,,,,,,,"861 East Allegheny Ave Philadelphia, PA19134","861 E Allegheny Ave, Philadelphia, Pennsylvania, 19134"
21,22,S00022,https://esperanzahealth.com/patients/our-locations/,215-302-3600,215-221-6633,2940 North 5th St,,19133,Esperanza Health Center,Fifth Street Site,22.0,,,,,,,39.996166015042064,-75.13954997767674,,,,,,,,,,,,,,,,"2940 North 5th St Philadelphia, PA19133","2940 N 5th St, Philadelphia, Pennsylvania, 19133"
22,23,S00023,https://esperanzahealth.com/,215-302-3600,,3156 Kensington Ave,,19134,Esperanza Health Center,Kensington & Allegheny,23.0,,,,True,Site closed,Moved to 861 East Allegheny Ave in 2020,39.996111689881694,-75.11422087334621,,,,,,,,,,,,,,,,"3156 Kensington Ave Philadelphia, PA19134","3156 Kensington Ave, Philadelphia, Pennsylvania, 19134"
23,24,S00024,https://www.fpcn.com/,215-298-0405,,4700 Wissahickon Ave,"Building D, Suite 118",19144,The Family Practice & Counseling Network (FPCN),Main Admin Office,24.0,,,,True,Not a practice site,,40.01535399351985,-75.17377697637946,,,,,,,,,,,,,,,,"4700 Wissahickon Ave Philadelphia, PA19144","4700 Wissahickon Ave, Philadelphia, Pennsylvania, 19144"
24,25,S00025,https://www.fpcn.com/abbottsford-falls/,215-843-9720,,4700 Wissahickon Ave,"Building D, Suite 119",19144,The Family Practice & Counseling Network (FPCN),Abbotsford-Falls Health Center,25.0,,,,,,,40.01535399351985,-75.17377697637946,,,,,,,,,,,,,,,,"4700 Wissahickon Ave Philadelphia, PA19144","4700 Wissahickon Ave, Philadelphia, Pennsylvania, 19144"
25,26,S00026,https://www.fpcn.com/stephen-and-sandra-sheller-11th-street-family-health-services-of-drexel-university/,215-769-1100,,850 North 11th St,,19123,The Family Practice & Counseling Network (FPCN),Stephen and Sandra Sheller 11th Street Family Health Services of Drexel University,26.0,,,,,,,39.9680099868998,-75.1551699895203,,,,,,,,,,,,,,,,"850 North 11th St Philadelphia, PA19123","850 N 11th St, Philadelphia, Pennsylvania, 19123"
26,27,S00027,https://www.fpcn.com/Fast-Family-Care/,267-597-3610,,2800 Fox St,Unit A,19129,The Family Practice & Counseling Network (FPCN),Fast Family Care at Shoprite,27.0,,,,,,,40.01160799526218,-75.1733220066751,,,,,,,,,,,,,,,,"2800 Fox St Philadelphia, PA19129","2800 Fox St, Philadelphia, Pennsylvania, 19129"
27,28,S00028,https://www.fpcn.com/health-annex/,215-727-4721,,6120B Woodland Ave,2nd Floor,19143,The Family Practice & Counseling Network (FPCN),Health Annex,28.0,,,,,,March 2021: Building closed for renovations; phone for appointments elsewhere,39.928914741409116,-75.22948144376132,,,,,,,,,,,,,,,,"6120B Woodland Ave Philadelphia, PA19143","6120B Woodland Ave, Philadelphia, Pennsylvania, 19142"
28,29,S00029,https://www.fpcn.com/annex-west-health-center/,267-350-5150,,3901 Market St,,19104,The Family Practice & Counseling Network (FPCN),Annex West Health Center,29.0,,,,,,,39.9569999798932,-75.19958996921758,,,,,,,,,,,,,,,,"3901 Market St Philadelphia, PA19104","3901 Market St, Philadelphia, Pennsylvania, 19104"
29,30,S00030,https://www.gphainc.org/,215-925-2400,,1401 South 31st St,,19146,"Greater Philadelphia Health Action, Inc. (GPHA)",Main Admin Office,30.0,,,,True,Not a practice site,,39.935869998268714,-75.19507296159634,,,,,,,,,,,,,,,,"1401 South 31st St Philadelphia, PA19146","1401 S 31st St, Philadelphia, Pennsylvania, 19146"
30,31,S00031,https://www.gphainc.org/locations/find-a-location-near-you/#al-assist-behavioral-healthcare-center,215-339-1079,215-339-1070,1401 South 4th St,,19147,"Greater Philadelphia Health Action, Inc. (GPHA)",Al-Assist Behavioral Healthcare Center,31.0,1016,,,,,phone1 = Medical; phone2 = Behavioral Health; Pharmacy phone = 215-952-6960,39.930714223459894,-75.15151831237162,,,,,,,,,,,,,,,,"1401 South 4th St Philadelphia, PA19147","1401 S 4th St, Philadelphia, Pennsylvania, 19147"
31,32,S00032,https://www.gphainc.org/locations/find-a-location-near-you/#carl-moore-health-center,215-755-7700,215-789-6931,1401 South 31st St,,19146,"Greater Philadelphia Health Action, Inc. (GPHA)",Carl Moore Health Center,32.0,,,,,,phone1 = Medical & Behavioral Health; phone2 = Pharmacy,39.935869998268714,-75.19507296159634,,,,,,,,,,,,,,,,"1401 South 31st St Philadelphia, PA19146","1401 S 31st St, Philadelphia, Pennsylvania, 19146"
32,33,S00033,https://www.gphainc.org/locations/find-a-location-near-you/#chinatown-medical-services,215-627-8000,267-519-0271,432 North 6th St,,19123,"Greater Philadelphia Health Action, Inc. (GPHA)",Chinatown Medical Services,33.0,,,,,,phone1 = Medical & Behavioral Health; phone2 = Pharmacy,39.959195841917946,-75.14867377402206,,,,,,,,,,,,,,,,"432 North 6th St Philadelphia, PA19123","432 N 6th St, Philadelphia, Pennsylvania, 19123"
33,34,S00034,https://www.gphainc.org/locations/find-a-location-near-you/#frankford-avenue-health-center,215-744-1302,215-831-9882,4500-4510 Frankford Ave,,19124,"Greater Philadelphia Health Action, Inc. (GPHA)",Frankford Avenue Health Center,34.0,,,,,,phone1 = Medical; phone2 = Behavioral Health; Pharmacy phone = 215-743-4106,40.01432201360089,-75.08633302295875,,,,,,,,,,,,,,,,"4500-4510 Frankford Ave Philadelphia, PA19124","4510 Frankford Ave, Philadelphia, Pennsylvania, 19124"
34,35,S00035,https://www.gphainc.org/locations/find-a-location-near-you/#gpha-inc-dental-and-behavioral-healthcare,888-296-4742,215-724-4700,5501 Woodland Ave,,19143,"Greater Philadelphia Health Action, Inc. (GPHA)","GPHA, Inc. Dental and Behavioral Health",35.0,,,,,,phone1 = Medical; phone2 = Behavioral Health; Pharmacy phone = 215-729-3912,39.9354700138492,-75.2208189830281,,,,,,,,,,,,,,,,"5501 Woodland Ave Philadelphia, PA19143","5501 Woodland Ave, Philadelphia, Pennsylvania, 19143"
35,36,S00036,https://www.gphainc.org/locations/find-a-location-near-you/#gpha-inc-medical-suite-at-temple-university-kornberg-school-of-dentistry,215--226-3789,,3223 North Broad St,"1st Floor, Suite 136",19140,"Greater Philadelphia Health Action, Inc. (GPHA)","GPHA, Inc. Medical Suite at Temple University Kornberg School of Dentistry",36.0,,,,,,,40.002275360685466,-75.15270692831395,,,,,,,,,,,,,,,,"3223 North Broad St Philadelphia, PA19140","3223 N Broad St, Philadelphia, Pennsylvania, 19140"
36,37,S00037,https://www.gphainc.org/locations/find-a-location-near-you/#gpha-spectrum-behavioral-services,484-472-7430,,1489 Baltimore Pike,"Building 300, Suite 300",19064,"Greater Philadelphia Health Action, Inc. (GPHA)",GPHA Spectrum Behavioral Services,37.0,,,,,,,39.91183698638895,-75.3581770022205,,,,,,,,,,,,,,,,"1489 Baltimore Pike Philadelphia, PA19064","1489 Baltimore Pike, Springfield, Pennsylvania, 19064"
37,38,S00038,https://www.gphainc.org/locations/find-a-location-near-you/#hunting-park-health-center,215-228-9300,215-221-6255,1999 West Hunting Park Ave,,19140,"Greater Philadelphia Health Action, Inc. (GPHA)",Hunting Park Health Center,38.0,,,,,,phone1 = Medical & Behavioral Health; phone2 = Pharmacy,40.012718800473905,-75.16091496617561,,,,,,,,,,,,,,,,"1999 West Hunting Park Ave Philadelphia, PA19140","1999 W Hunting Park Ave, Philadelphia, Pennsylvania, 19140"
38,39,S00039,https://www.gphainc.org/locations/find-a-location-near-you/#snyder-avenue-dental-center,215-334-4900,,640 Snyder Ave,,19148,"Greater Philadelphia Health Action, Inc. (GPHA)",Snyder Avenue Dental Center,39.0,,,,True,Other,"Dental care only (no Medical, no Behavioral Health, no Pharmacy)",39.92271099701651,-75.15795797815451,,,,,,,,,,,,,,,,"640 Snyder Ave Philadelphia, PA19148","640 Snyder Ave, Philadelphia, Pennsylvania, 19148"
39,40,S00040,https://www.gphainc.org/locations/find-a-location-near-you/#southeast-health-center,215-339-5100,215-339-4006,800 Washington Ave,,19147,"Greater Philadelphia Health Action, Inc. (GPHA)",Southeast Health Center,40.0,,,,,,phone1 = Medical & Behavioral Health; phone2 = Medical Dispensary,39.935780982457004,-75.15720603762064,,,,,,,,,,,,,,,,"800 Washington Ave Philadelphia, PA19147","800 Washington Ave, Philadelphia, Pennsylvania, 19147"
40,41,S00041,https://www.gphainc.org/locations/find-a-location-near-you/#woodland-avenue-health-center,215-726-9807,215-730-2828,5000 Woodland Ave,,19143,"Greater Philadelphia Health Action, Inc. (GPHA)",Woodland Avenue Health Center,41.0,,,,,,phone1 = Medical & Behavioral; phone2 = Medical Dispensary,39.93880001825224,-75.21392998062723,,,,,,,,,,,,,,,,"5000 Woodland Ave Philadelphia, PA19143","5000 Woodland Ave, Philadelphia, Pennsylvania, 19143"
41,42,S00042,https://www.phmc.org/,215-985-2500,,1500 Market St,Suite 1500,19102,Public Health Management Corporation (PHMC),Main Admin Office,42.0,,,,True,Not a practice site,,39.9524400150182,-75.16524000799528,,,,,,,,,,,,,,,,"1500 Market St Philadelphia, PA19102","1500 Market St, Philadelphia, Pennsylvania, 19102"
42,43,S00043,https://www.phmc.org/site/programs/health-care-centers/congreso-health-center,267-765-2272,,412 West Lehigh Ave,,19133,Public Health Management Corporation (PHMC),Congresso Health Center,43.0,,,,,,,39.9915879871657,-75.1396649773883,,,,,,,,,,,,,,,,"412 West Lehigh Ave Philadelphia, PA19133","412 W Lehigh Ave, Philadelphia, Pennsylvania, 19133"
43,44,S00044,https://www.phmc.org/site/programs/health-care-centers/phmc-health-connection,215-765-6690,,1900 North 9th St,,19122,Public Health Management Corporation (PHMC),Health Connection,44.0,,,,,,,39.98143000061691,-75.14898003784427,,,,,,,,,,,,,,,,"1900 North 9th St Philadelphia, PA19122","1900 N 9th St, Philadelphia, Pennsylvania, 19122"
44,45,S00045,https://www.phmc.org/site/programs/health-care-centers/375-phmc-care-clinic,215-825-8220,,1200 Callowhill St,Suite 101,19123,Public Health Management Corporation (PHMC),Care Clinic,45.0,32,,"[4, 31, 32]",,,"address_suppl ""Suite 101"" from PHMC website; some sources list ""Suite 102""",39.9590412330891,-75.15836430087563,,,,,,,,,,,,,,,,"1200 Callowhill St Philadelphia, PA19123","1200 Callowhill St, Philadelphia, Pennsylvania, 19123"
45,46,S00046,https://www.phmc.org/site/programs/health-care-centers/mary-howard,215-592-4500,,125 South 9th St,,19107,Public Health Management Corporation (PHMC),Mary Howard Health Center,46.0,,,,,,,39.948848998150254,-75.15539797728667,,,,,,,,,,,,,,,,"125 South 9th St Philadelphia, PA19107","125 S 9th St, Philadelphia, Pennsylvania, 19107"
46,47,S00047,https://www.phmc.org/site/programs/health-care-centers/rising-sun,215-279-9666,,5675 North Front St,,19120,Public Health Management Corporation (PHMC),Rising Sun Health Center,47.0,,,,,,,40.036413986252825,-75.12066496308924,,,,,,,,,,,,,,,,"5675 North Front St Philadelphia, PA19120","5675 N Front St, Philadelphia, Pennsylvania, 19120"
47,48,S00048,https://www.phmc.org/site/32-misc/shared-programs/1242-pathways-to-recovery,215-731-2402,,2301 East Allegheny Ave,,19134,Public Health Management Corporation (PHMC),Pathways to Recovery,48.0,"[12, 23]",,"[28, 48]",,,,39.9899999936996,-75.10606301720536,,,,,,,,,,,,,,,,"2301 East Allegheny Ave Philadelphia, PA19134","2301 E Allegheny Ave, Philadelphia, Pennsylvania, 19134"
48,49,S00049,https://fight.org/,215-985-4448,,1233 Locust St,3rd Floor,19107,Philadelphia FIGHT,Main Admin Office,49.0,,,,True,Not a practice site,,39.94792951005801,-75.16173454334766,,,,,,,,,,,,,,,,"1233 Locust St Philadelphia, PA19107","1233 Locust St, Philadelphia, Pennsylvania, 19107"
49,50,S00050,https://fight.org/programs/lax-center/,215-790-1788,,1233 Locust St,4th Floor,19107,Philadelphia FIGHT,Jonathan Lax Treatment Center,50.0,,,,,,,39.94792951005801,-75.16173454334766,,,,,,,,,,,,,,,,"1233 Locust St Philadelphia, PA19107","1233 Locust St, Philadelphia, Pennsylvania, 19107"
50,51,S00051,https://fight.org/programs/john-bell-center/,267-725-0252,,1207 Chestnut St,3rd Floor,19107,Philadelphia FIGHT,John Bell Health Center,51.0,,,,,,,39.95073400435538,-75.1605009637589,,,,,,,,,,,,,,,,"1207 Chestnut St Philadelphia, PA19107","1207 Chestnut St, Philadelphia, Pennsylvania, 19107"
51,52,S00052,https://fight.org/programs/broad-street-ministry/,215-525-8681,,315 South Broad St,,19107,Philadelphia FIGHT,Community Health Centers Clinic at Broad Street Ministry,52.0,,,,,,Added from program website based on finding provider with buprenorphine waiver dated 2020-11-25 (30 patients),39.946352638858166,-75.16484130700746,,,,,,,,,,,,,,,,"315 South Broad St Philadelphia, PA19107","315 S Broad St, Philadelphia, Pennsylvania, 19107"
52,53,S00053,https://pathwaystohousingpa.org/,215-390-1500,,5201 Old York Rd,4th Floor,19141,Pathways,Pathways to Housing PA,53.0,,,27,,,"address_suppl changed from ""Suite 108"" to ""4th Floor"" to match program website (c) 2020",40.03232998774962,-75.14498002601088,,,,,,,,,,,,,,,,"5201 Old York Rd Philadelphia, PA19141","5201 Old York Rd, Philadelphia, Pennsylvania, 19141"
53,54,S00054,https://projecthome.org/stephen-klein-wellness-center,215-320-6187,,2144 Cecil B. Moore Ave,,19121,Project HOME,Stephen Klein Wellness Center,54.0,,,34,,,,39.98016001655728,-75.17079897000026,,,,,,,,,,,,,,,,"2144 Cecil B. Moore Ave Philadelphia, PA19121","2144 Cecil B Moore Ave, Philadelphia, Pennsylvania, 19121"
54,55,S00055,https://projecthome.org/hub-hope,215-309-5225,,1401 Arch St,Lower Level ,19102,Project HOME,Hub of Hope,55.0,,,,,,,39.95469399260111,-75.1634330373087,,,,,,,,,,,,,,,,"1401 Arch St Philadelphia, PA19102","1401 Arch St, Philadelphia, Pennsylvania, 19102"
55,56,S00056,https://qchc.org/facilities-1,215-227-0300,,2501 West Lehigh Ave,,19132,"Quality Community Health Care, Inc. (QCHC)",QCHC Family Health Center,56.0,,,,,,,39.996466003356716,-75.17245003728776,,,,,,,,,,,,,,,,"2501 West Lehigh Ave Philadelphia, PA19132","2501 W Lehigh Ave, Philadelphia, Pennsylvania, 19132"
56,57,S00057,https://qchc.org/facilities-1,215-457-6902,,1300 West Loudon St,,19141,"Quality Community Health Care, Inc. (QCHC)",Cooke Family Health Center,57.0,,,,,,,40.025821094593816,-75.1454242589858,,,,,,,,,,,,,,,,"1300 West Loudon St Philadelphia, PA19141","1300 W Louden St, Philadelphia, Pennsylvania, 19141"
57,58,S00058,https://qchc.org/facilities-1,215-765-9501,,1800 West Oxford St,,19121,"Quality Community Health Care, Inc. (QCHC)",Meade Family Health Center,58.0,,,,,,,39.97806205056428,-75.16468506920073,,,,,,,,,,,,,,,,"1800 West Oxford St Philadelphia, PA19121","1800 W Oxford St, Philadelphia, Pennsylvania, 19121"
58,59,S00059,http://www.sayrehealth.org/,215-474-4444,,5800 Walnut St,227 South 59th St,19139,Sayre Health Center,"Dr. Bernett L. Johnson, Jr. Sayre Health Center",59.0,,,,,,address_suppl Added from Sayre website (map shows intersection with listed street_address),39.95795798951664,-75.2378360066739,,,,,,,,,,,,,,,,"5800 Walnut St Philadelphia, PA19139","5800 Walnut St, Philadelphia, Pennsylvania, 19139"
59,60,S00060,https://www.spectrumhs.org/,215-471-2750,,5201 Haverford Ave,,19139,"Spectrum Health Services, Inc.",Main Admin Office,60.0,,,,True,Not a practice site,,39.96539898215113,-75.22503298484955,,,,,,,,,,,,,,,,"5201 Haverford Ave Philadelphia, PA19139","5201 Haverford Ave, Philadelphia, Pennsylvania, 19139"
60,61,S00061,https://www.spectrumhs.org/locations/spectrum-community-health-center-schc/,215-471-2761,,5201 Haverford Ave,,19139,"Spectrum Health Services, Inc.",Spectrum Community Health Center (SCHC),61.0,,,,,,phone1 shared between 3 sites (https://www.spectrumhs.org/locations/),39.96539898215113,-75.22503298484955,,,,,,,,,,,,,,,,"5201 Haverford Ave Philadelphia, PA19139","5201 Haverford Ave, Philadelphia, Pennsylvania, 19139"
61,62,S00062,https://www.spectrumhs.org/locations/broad-street-health-center-bshc/,215-471-2761,,1415 North Broad St,,19122,"Spectrum Health Services, Inc.",Broad Street Health Center (BSHC),62.0,,,,,,phone1 shared between 3 sites (https://www.spectrumhs.org/locations/),39.974987191558725,-75.15859411289726,,,,,,,,,,,,,,,,"1415 North Broad St Philadelphia, PA19122","1415 N Broad St, Philadelphia, Pennsylvania, 19122"
62,63,S00063,https://www.spectrumhs.org/locations/reed-street-health-center-rshc/,215-471-2761,,1325 South 33rd St,,19146,"Spectrum Health Services, Inc.",Reed Street Health Center (RSHC),63.0,,,,,,phone1 shared between 3 sites (https://www.spectrumhs.org/locations/),39.93704597928425,-75.19777696356074,,,,,,,,,,,,,,,,"1325 South 33rd St Philadelphia, PA19146","1325 S 33rd St, Philadelphia, Pennsylvania, 19146"
63,64,S00064,https://apmphila.org/services/health-services/,267-296-7220,267-296-7222,4301 Rising Sun Ave,,19140,Asociación Puertorriqueños en Marcha,APM Behavioral Health Center [1 of 3],,58,,2,,,,40.01593490731229,-75.12953427722498,,,,,,,,,,,,,,,,"4301 Rising Sun Ave Philadelphia, PA19140","4301 Rising Sun Ave, Philadelphia, Pennsylvania, 19140"
64,65,S00065,https://apmphila.org/services/health-services/,215-259-3373,215-259-3358,2921 North 5th St,,19133,Asociación Puertorriqueños en Marcha,APM Behavioral Health Center [3 of 3],,57,,,,,,39.99567399732567,-75.13913700130728,,,,,,,,,,,,,,,,"2921 North 5th St Philadelphia, PA19133","2921 N 5th St, Philadelphia, Pennsylvania, 19133"
65,66,S00066,https://apmphila.org/services/health-services/,267-798-7560,,112 East Allegheny Ave,,19134,Asociación Puertorriqueños en Marcha,APM Behavioral Health Center [2 of 3],,,,,True,Data needs review,"Added from APM website: Does location offer MAT? [[systems data may want separate record for Admin office: 1900 North 9th St, 19122, phone = 267-296-7200]]",39.99816799070601,-75.12883798923755,,,,,,,,,,,,,,,,"112 East Allegheny Ave Philadelphia, PA19134","112 E Allegheny Ave, Philadelphia, Pennsylvania, 19134"
66,67,S00067,https://www.casacares.net/,215-634-3259,800-273-8255,213 West Allegheny Ave,,19133,"CASA de Consejeria y Salud Integral, Inc. (CASA)",Casa de Consejeria,,1019,,3,,,"For site hours, see: https://www.casacares.net/ContactUs/tabid/108/Default.aspx",39.99936798587413,-75.13367803540717,,,,,,,,,,,,,,,,"213 West Allegheny Ave Philadelphia, PA19133","213 W Allegheny Ave, Philadelphia, Pennsylvania, 19133"
67,68,S00068,https://www.casacares.net/ContactUs/tabid/108/Default.aspx,215-501-7629,,616 West Lehigh Ave,,19133,"CASA de Consejeria y Salud Integral, Inc. (CASA)",Casa de Consejeria,,63,,,,,"For site hours, see: https://www.casacares.net/ContactUs/tabid/108/Default.aspx",39.99218599404776,-75.14280902926942,,,,,,,,,,,,,,,,"616 West Lehigh Ave Philadelphia, PA19133","616 W Lehigh Ave, Philadelphia, Pennsylvania, 19133"
68,69,S00069,https://catchinc.com/mission/team/type/psychiatric-team/,215-735-7435,215-755-6112,2401 Penrose Ave,2nd Floor,19145,CATCH (Citizens Acting Together Can Help),River’s Bend Addiction Treatment,,,,,True,Data needs review,"[_] Contact https://catchinc.com/services about whether/which location(s) offer MAT (Elton Smith has buprenorphine waiver); replaced ""1400 Reed St, 19146"" with potentially more relevant option from CATCH website",39.90894992983995,-75.18796138622909,,,,,,,,,,,,,,,,"2401 Penrose Ave Philadelphia, PA19145","2401 Penrose Ave, Philadelphia, Pennsylvania, 19145"
69,70,S00070,http://www.jfkbhc.org/,215-235-5520,,907 North Broad St,,19123,"Centralized Comprehensive Human Services, Inc.","John F. Kennedy Behavioral Health Center, Satellite Office",,7,16.0,15,,,,39.97043298556025,-75.15918399913198,,,Yes,,,,,,,,,,,,,"907 North Broad St Philadelphia, PA19123","907 N Broad St, Philadelphia, Pennsylvania, 19123"
70,71,S00071,http://www.jfkbhc.org/,215-568-0860,,112 North Broad St,,19102,"Centralized Comprehensive Human Services, Inc.",John F. Kennedy Behavioral Health Center,,66,,16,,,,39.95497901921857,-75.16354501953514,,,,,,,,,,,,,,,,"112 North Broad St Philadelphia, PA19102","112 N Broad St, Philadelphia, Pennsylvania, 19102"
71,72,S00072,https://www.comhar.org/,267-861-4382,,2055 East Allegheny Ave,,19134,COMHAR,COMHAR: The Welcome Center,,,,5,,,phone1 = COMHAR Central Registration from https://www.comhar.org/mental-health-wellness,39.99300100840301,-75.10982900630209,,,,,,,,,,,,,,,,"2055 East Allegheny Ave Philadelphia, PA19134","2055 E Allegheny Ave, Philadelphia, Pennsylvania, 19134"
72,73,S00073,https://www.comhar.org/latino-treatment-program,215-739-2669,,2600 North American St,,19133,COMHAR,COMHAR: Latino Treatment Program,,,,6,,,,39.99021498951606,-75.13687397126894,,,,,,,,,,,,,,,,"2600 North American St Philadelphia, PA19133","2600 N American St, Philadelphia, Pennsylvania, 19133"
73,74,S00074,https://drexel.edu/medicine/community-engagement/patient-care/the-caring-together-program/,215-967-2130,,4700 Wissahickon Ave,"Building C, Suite 102",19144,Drexel University Medicine,The Caring Together Program,,11,,8,,,,40.01535399351985,-75.17377697637946,,,,,,,,,,,,,,,,"4700 Wissahickon Ave Philadelphia, PA19144","4700 Wissahickon Ave, Philadelphia, Pennsylvania, 19144"
74,75,S00075,https://drexel.edu/medicine/community-engagement/patient-care/partnership-comprehensive-care-practice/,215-762-2530,,1427 Vine St,2nd Floor,19102,Drexel University Medicine,Partnership Comprehensive Care Practice,,,,,,,Also see https://towerhealth.org/locations/tower-health-medical-group-infectious-disease-philadelphia,39.95848600750719,-75.16368298566141,,,,,,,,,,,,,,,,"1427 Vine St Philadelphia, PA19102","1427 Vine St, Philadelphia, Pennsylvania, 19102"
75,76,S00076,https://towerhealth.org/locations/drexel-partnership,215-762-6565,,1427 Vine St,6th Floor,19102,Tower Health,Drexel Partnership,,,,,,,,39.95848600750719,-75.16368298566141,,,,,,,,,,,,,,,,"1427 Vine St Philadelphia, PA19102","1427 Vine St, Philadelphia, Pennsylvania, 19102"
76,77,S00077,https://towerhealth.org/locations/psychiatry-tower-health-medical-group-vine-street,267-507-6581,,1427 Vine St,8th Floor,19102,Tower Health,Psychiatry - Vine Street,,,,,,,,39.95848600750719,-75.16368298566141,,,,,,,,,,,,,,,,"1427 Vine St Philadelphia, PA19102","1427 Vine St, Philadelphia, Pennsylvania, 19102"
77,78,S00078,https://towerhealth.org/locations/chestnut-hill-hospital,215-248-8200,,8835 Germantown Ave,,19118,Tower Health,Chestnut Hill Hospital,,,,,,,,40.07969000380473,-75.21238997355681,,,,,,,,,,,,,,,,"8835 Germantown Ave Philadelphia, PA19118","8835 Germantown Ave, Philadelphia, Pennsylvania, 19118"
78,79,S00079,https://towerhealth.org/locations/tower-health-medical-group-family-medicine-residency-chestnut-hill,215-248-8145,,8815 Germantown Ave,5th Floor,19118,Tower Health,Family Medicine Residency - Chestnut Hill,,,,,,,,40.07872731708923,-75.21240187740648,,,,,,,,,,,,,,,,"8815 Germantown Ave Philadelphia, PA19118","8815 Germantown Ave, Philadelphia, Pennsylvania, 19118"
79,80,S00080,https://towerhealth.org/locations/tower-health-medical-group-family-medicine-broad-street,215-762-5145,,219 North Broad St,1st Floor,19107,Tower Health,Family Medicine - Broad Street,,,,,,,,39.95689544196759,-75.1625449600235,,,,,,,,,,,,,,,,"219 North Broad St Philadelphia, PA19107","219 N Broad St, Philadelphia, Pennsylvania, 19107"
80,81,S00081,https://www.einstein.edu/einstein-medical-center-philadelphia,215-456-7890,,5501 Old York Rd,,19141,Einstein Healthcare Network,Einstein Medical Center,,,,44,,,,40.03688273879752,-75.14456505396444,,,,,,,,,,,,,,,,"5501 Old York Rd Philadelphia, PA19141","5501 Old York Rd, Philadelphia, Pennsylvania, 19141"
81,82,S00082,https://www.gaudenzia.org/,215-924-6322,,1300 East Tulpehocken St,,19138,Gaudenzia,New Image,,42,,,,,,40.05688650987097,-75.1642487871261,,,,,,,,,,,,,,,,"1300 East Tulpehocken St Philadelphia, PA19138","1300 E Tulpehocken St, Philadelphia, Pennsylvania, 19138"
82,83,S00083,https://www.gaudenzia.org/,215-849-7200,215-849-2813,39 East School House Lane,,19144,Gaudenzia,Outreach II / Recovery House,,33,,,,,"[_] Does this address need separate records for distinct programs? | Gaudenzia website has ""School House"" for street_address (matches Google Maps) vs. ""Schoolhouse"" in SAMHSA FT Loc",40.0351909827605,-75.17222498318749,,,,,,,,,,,,,,,,"39 East School House Lane Philadelphia, PA19144","39 E School House Ln, Philadelphia, Pennsylvania, 19144"
83,84,S00084,https://www.gaudenzia.org/,,,5401 Wayne Ave,,19144,Gaudenzia,Re-Entry House,,31,,,,,,40.02961001825966,-75.17455196714707,,,,,,,,,,,,,,,,"5401 Wayne Ave Philadelphia, PA19144","5401 Wayne Ave, Philadelphia, Pennsylvania, 19144"
84,85,S00085,https://www.gaudenzia.org/,215-423-6766,,3200 Henry Ave,,19129,Gaudenzia,Gaudenzia Diagnostic & Rehabilitation Center (DRC),,26,,10,,,,40.009604007941476,-75.18123502618691,,,,,,,,,,,,,,,,"3200 Henry Ave Philadelphia, PA19129","3200 Henry Ave, Philadelphia, Pennsylvania, 19129"
85,86,S00086,https://www.gaudenzia.org/,215-228-7595,215-228-0644,1834 West Tioga St,,19140,Gaudenzia,Gaudenzia WINNER Program / Philly House,,39,,,,,[_] Does this address need separate records for distinct programs?,40.00693701207962,-75.1597030065766,,,,,,,,,,,,,,,,"1834 West Tioga St Philadelphia, PA19140","1834 W Tioga St, Philadelphia, Pennsylvania, 19140"
86,87,S00087,https://www.gaudenzia.org/,215-223-9460,,3025 North Broad St,,19132,Gaudenzia,Broad Street R.I.N.T.,,67,,,,,"Gaudenzia website has ""3025-21"" for street_address",39.999270001426,-75.15306797584196,,,,,,,,,,,,,,,,"3025 North Broad St Philadelphia, PA19132","3025 N Broad St, Philadelphia, Pennsylvania, 19132"
87,88,S00088,https://www.gaudenzia.org/,215-985-1200,215-985-2143,1516 Washington Ave,,19146,Gaudenzia,Washington House / Joy of Living,,62,,,,,"[_] Does this address need two separate records? | Gaudenzia website has  street_address ""1515-1518"" for Washington House",39.93813881013704,-75.16936099335366,,,,,,,,,,,,,,,,"1516 Washington Ave Philadelphia, PA19146","1516 Washington Ave, Philadelphia, Pennsylvania, 19146"
88,89,S00089,https://www.gaudenzia.org/,215-238-2163,,1306 Spring Garden St,2nd Floor,19123,Gaudenzia,Withdrawal and Referral Management Stablization Program (WARMS),,"[20, 1005]",,"[9, 49]",,,[_] This address almost surely needs multiple records (different programs on different floors),39.96193767539335,-75.15962825159667,,,,,,,,,,,,,,,,"1306 Spring Garden St Philadelphia, PA19123","1306 Spring Garden St, Philadelphia, Pennsylvania, 19123"
89,180,S00180,https://www.gaudenzia.org/,833-647-0719,,106 West Main St,,19401,Gaudenzia,Main Admin Office,,,,,True,Not a practice site,,40.11486298409983,-75.34617797254873,,,,,,,,,,,,,,,,"106 West Main St Philadelphia, PA19401","106 W Main St, Norristown, Pennsylvania, 19401"
90,90,S00090,https://hospitals.jefferson.edu/departments-and-services/obstetrics-and-gynecology/programs-and-services/maternal-addiction-treatment.html,215-955-3792,800-533-3669,1239 Spring Garden St,,19123,Jefferson University Hospitals,My Sister’s Place (MSP),,50,,,,,See also https://hospitals.jefferson.edu/departments-and-services/vickie-and-jack-farber-institute-for-neuroscience/programs/psychiatry-and-human-behavior/substance-abuse-programs.html,39.96228200381728,-75.15905500164212,,,,,,,,,,,,,,,,"1239 Spring Garden St Philadelphia, PA19123","1239 Spring Garden St, Philadelphia, Pennsylvania, 19123"
91,91,S00091,https://hospitals.jefferson.edu/departments-and-services/vickie-and-jack-farber-institute-for-neuroscience/programs/psychiatry-and-human-behavior/substance-abuse-programs.html,215-735-5979,,1021 South 21st St,"1st Floor, NE Corner, 21st St & Washington Ave",19146,Jefferson University Hospitals,Narcotic Addiction Rehabilitation Program (NARP),,19,4.0,37,,,See also https://www.jefferson.edu/university/jmc/departments/psychiatry/clinical/programs.html,39.9400076832201,-75.177986872377,,,,,,,,,,,,,,,,"1021 South 21st St Philadelphia, PA19146","1021 S 21st St, Philadelphia, Pennsylvania, 19146"
92,92,S00092,https://hospitals.jefferson.edu/find-a-location/locations/1015-walnut-street.html,215-503-6337,,1015 Walnut St,Suite 401,19107,Jefferson University Hospitals,Thomas Jefferson University Hospital,,,,,,,"Why do multiple buprenorphine providers list this address, when site does not appear to offer MAT? https://www.jefferson.edu/university/skmc/departments/family-medicine/fellowships/Hospice-Palliative/faculty.html",39.94878600814789,-75.15794900951812,,,,,,,,,,,,,,,,"1015 Walnut St Philadelphia, PA19107","1015 Walnut St, Philadelphia, Pennsylvania, 19107"
93,93,S00093,https://hospitals.jefferson.edu/find-a-location/locations/1233-locust-street.html,215-955-8577,215-955-3792,1233 Locust St,Suite 401,19107,Jefferson University Hospitals,Family Center of Thomas Jefferson University,,24,3.0,36,,,See also https://hospitals.jefferson.edu/departments-and-services/obstetrics-and-gynecology/programs-and-services/maternal-addiction-treatment.html,39.94792951005801,-75.16173454334766,,,,,,,,,,,,,,,,"1233 Locust St Philadelphia, PA19107","1233 Locust St, Philadelphia, Pennsylvania, 19107"
94,94,S00094,https://www.jefferson.edu/university/jmc/departments/psychiatry/clinical/programs.html,215-955-8420,215-955-8856,833 Chestnut St East,Suite 210-E,19107,Jefferson University Hospitals,Jefferson Outreach Program,,35,,,,,[_] Address offers 2+ programs: Create second record for IOP (with phone2)?,39.949900004989416,-75.15506999341541,,,,,,,,,,,,,,,,"833 Chestnut St East Philadelphia, PA19107","833 Chestnut St, Philadelphia, Pennsylvania, 19107"
95,95,S00095,https://www.jefferson.edu/university/jmc/departments/psychiatry/clinical/programs.html,215-790-9942,,1021 South 21st St,"2nd Floor, NE Corner, 21st St & Washington Ave",19146,Jefferson University Hospitals,Jefferson Intensive Substance Abuse Treatment Program (IOP),,56,,,,,See also https://hospitals.jefferson.edu/departments-and-services/vickie-and-jack-farber-institute-for-neuroscience/programs/psychiatry-and-human-behavior/substance-abuse-programs.html,39.9400076832201,-75.177986872377,,,,,,,,,,,,,,,,"1021 South 21st St Philadelphia, PA19146","1021 S 21st St, Philadelphia, Pennsylvania, 19146"
96,96,S00096,https://www.merakey.org/,215-754-0240,,5429 Germantown Ave,,19144,Merakey,Merakey [Germantown Ave],,6,14.0,19,,,"Merakey website has ""5429-37"" for street_address",40.03383001314188,-75.17097901328047,,,,,,,,,,,,,,,,"5429 Germantown Ave Philadelphia, PA19144","5429 Germantown Ave, Philadelphia, Pennsylvania, 19144"
97,97,S00097,https://www.merakey.org/,215-879-6116,,5000 Parkside Ave,,19131,Merakey,Merakey [Parkside Ave],,3,8.0,18,,,,39.97968300244756,-75.21978398562399,,,,,,,,,,,,,,,,"5000 Parkside Ave Philadelphia, PA19131","5000 Parkside Ave, Philadelphia, Pennsylvania, 19131"
98,98,S00098,https://www.merakey.org/,215-632-9040,,11082 Knights Rd,,19154,Merakey,Merakey [Knights Rd],,21,,21,,,,40.08363201286812,-74.97530499239234,,,,,,,,,,,,,,,,"11082 Knights Rd Philadelphia, PA19154","11082 Knights Rd, Philadelphia, Pennsylvania, 19154"
99,99,S00099,https://www.merakey.org/,215-634-2520,,100 East Lehigh Ave,MAB Suite 201,19125,Merakey,Merakey at Temple Health Episcopal Hospital,,,,20,,,,39.98968102037426,-75.12818202149504,,,,,,,,,,,,,,,,"100 East Lehigh Ave Philadelphia, PA19125","100 E Lehigh Ave, Philadelphia, Pennsylvania, 19125"
100,100,S00100,http://netcenters.org/services/addiction-recovery-programs/,215-743-6150,,2205 Bridge St.,,19137,NET Community Care,NET Steps,,"[2, 10]",11.0,24,,,"[_] Does this record need a separate entry for NET Community Care: Wharton Residential Center (phone = 215-288-5490, samhsa_ftloc = 10)?",40.01052588001427,-75.06938170276545,,,,,,,,,,,,,,,,"2205 Bridge St. Philadelphia, PA19137","2205 Bridge St, Philadelphia, Pennsylvania, 19137"
101,101,S00101,http://netcenters.org/services/addiction-recovery-programs/,267-348-3550,,7520 State Rd,,19136,NET Community Care,NET Steps,,4,15.0,25,,,,40.02956798301523,-75.02675696975867,,,,,,,,,,,,,,,,"7520 State Rd Philadelphia, PA19136","7520 State Rd, Philadelphia, Pennsylvania, 19136"
102,102,S00102,http://netcenters.org/services/addiction-recovery-programs/,215-451-7100,,499 North 5th St,Suite C,19123,NET Community Care,Spring Garden Counseling Center,,14,19.0,"[23, 42]",,,Admin office is at Suite A of this address (phone 215-451-7000),39.9604877635464,-75.14671185767747,,,,,,,,,,,,,,,,"499 North 5th St Philadelphia, PA19123","499 N 5th St, Philadelphia, Pennsylvania, 19123"
103,103,S00103,http://netcenters.org/services/addiction-recovery-programs/,267-597-3920,,4625 Frankford Ave,,19124,NET Community Care,Frankford Avenue Counseling Center,,51,,26,,,,40.015199012130125,-75.08480701366663,,,,,,,,,,,,,,,,"4625 Frankford Ave Philadelphia, PA19124","4625 Frankford Ave, Philadelphia, Pennsylvania, 19124"
104,104,S00104,http://netcenters.org/services/addiction-recovery-programs/,215-747-6480,,5501 Chestnut St,,19139,NET Community Care,West Counseling Center,,1018,,,,,,39.9594449810495,-75.2312559612241,,,,,,,,,,,,,,,,"5501 Chestnut St Philadelphia, PA19139","5501 Chestnut St, Philadelphia, Pennsylvania, 19139"
105,105,S00105,http://netcenters.org/services/addiction-recovery-programs/,215-226-1600,,2701 North Broad St,,19132,NET Community Care,North Counseling Center,,,,,True,Data needs review,Added from NET website: Does location offer MAT?,39.994289013554464,-75.1537950221234,,,,,,,,,,,,,,,,"2701 North Broad St Philadelphia, PA19132","2701 N Broad St, Philadelphia, Pennsylvania, 19132"
106,106,S00106,https://bewellctr.org/,215-787-2407,,801 West Girard Ave,,19122,North Philadelphia Health Systems (NPHS),The Behavioral Wellness Center at Girard,,"[47, 9, 46, 49]",6.0,22,,,"See also FQHC record for same address; also, URL www.nphs.com redirects to bewellctr.org",39.97151299378439,-75.15021502745813,,,,,,,,,,,,,,,,"801 West Girard Ave Philadelphia, PA19122","801 W Girard Ave, Philadelphia, Pennsylvania, 19122"
107,107,S00107,http://www.nphs.com,215-787-2407,,801 West Girard Ave,,19122,North Philadelphia Health Systems (NPHS),Goldman Clinic / Girard Medical Center,,"[41, 44, 45]",6.0,22,,,URL redirects from www.nphs.com,39.97151299378439,-75.15021502745813,,,,,,,,,,,,,,,,"801 West Girard Ave Philadelphia, PA19122","801 W Girard Ave, Philadelphia, Pennsylvania, 19122"
108,108,S00108,https://www.med.upenn.edu/hallmercer/,,,245 South 8th St,,19106,Penn Medicine,,,,,45,,,,39.946703458770344,-75.15446635397774,,,,,,,,,,,,,,,,"245 South 8th St Philadelphia, PA19106","245 S 8th St, Philadelphia, Pennsylvania, 19106"
109,109,S00109,https://www.med.upenn.edu/penn-promotes/mwi.html,,,3400 Spruce St,,19104,Penn Medicine,,,,,29,,,,39.94997900442684,-75.19405296779892,,,,,,,,,,,,,,,,"3400 Spruce St Philadelphia, PA19104","3400 Spruce St, Philadelphia, Pennsylvania, 19104"
110,110,S00110,https://www.med.upenn.edu/psychiatry/presbyterian_treatment.html,,,3910 Powelton Ave,,19104,Penn Medicine,,,,,,,,,39.95860000139038,-75.20075002461707,,,,,,,,,,,,,,,,"3910 Powelton Ave Philadelphia, PA19104","3910 Powelton Ave, Philadelphia, Pennsylvania, 19104"
111,111,S00111,https://www.med.upenn.edu/recovery/,,,"4040 Market St, 2nd Floor",Suites 200 and 220,19104,Penn Medicine,,,29,,,,,,39.956891979070804,-75.20326099135133,,,,,,,,,,,,,,,,"4040 Market St, 2nd Floor Philadelphia, PA19104","4040 Market St, Philadelphia, Pennsylvania, 19104"
112,112,S00112,https://www.pennmedicine.org/,,,51 North 39th St,,19104,Penn Medicine,,,22,,,,,,39.95854799168117,-75.19834399931055,,,,,,,,,,,,,,,,"51 North 39th St Philadelphia, PA19104","51 N 39th St, Philadelphia, Pennsylvania, 19104"
113,113,S00113,https://ppponline.org/,,,2913-2915 Kensington Ave,,19134,Prevention Point,Prevention Point,,,,33,,,,39.99273299704899,-75.11964396346343,,,,,,,,,,,,,,,,"2913-2915 Kensington Ave Philadelphia, PA19134","2913 Kensington Ave, Philadelphia, Pennsylvania, 19134"
114,114,S00114,https://www.projecttransition.com/,,,6201 North Front St,Suite 106,19120,Project Transition,,,1004,,,,,,40.04512999208882,-75.11804000247179,,,,,,,,,,,,,,,,"6201 North Front St Philadelphia, PA19120","6201 N Front St, Philadelphia, Pennsylvania, 19120"
115,115,S00115,https://www.projecttransition.com/,,,5003 Umbria St,,19128,Project Transition,,,1008,,,,,,40.03669201398114,-75.23587598243536,,,,,,,,,,,,,,,,"5003 Umbria St Philadelphia, PA19128","5003 Umbria St, Philadelphia, Pennsylvania, 19128"
116,116,S00116,https://www.projecttransition.com/,,,3901 Conshohocken Ave,,19131,Project Transition,,,1009,,,,,,40.00430999789589,-75.20679496936816,,,,,,,,,,,,,,,,"3901 Conshohocken Ave Philadelphia, PA19131","3901 Conshohocken Ave, Philadelphia, Pennsylvania, 19131"
117,117,S00117,https://www.phmc.org/site/,,,4108 Parkside Ave,,19104,Public Health Management Corporation (PHMC),,,48,,,,,,39.97520798816123,-75.20739201233135,,,,,,,,,,,,,,,,"4108 Parkside Ave Philadelphia, PA19104","4108 Parkside Ave, Philadelphia, Pennsylvania, 19104"
118,118,S00118,https://consortiuminc.org/,,,451 South University Ave,,19104,"The Consortium, Inc",,,"[8, 36]",7.0,7,,,,39.94689211132901,-75.19837472155604,,,,,,,,,,,,,,,,"451 South University Ave Philadelphia, PA19104","451 S University Ave, Philadelphia, Pennsylvania, 19104"
119,119,S00119,https://consortiuminc.org/,,,137 South 58th St,,19139,"The Consortium, Inc",,,1012,,,,,,39.958613999168676,-75.23713703976811,,,,,,,,,,,,,,,,"137 South 58th St Philadelphia, PA19139","137 S 58th St, Philadelphia, Pennsylvania, 19139"
120,120,S00120,http://thehealingway.net/,215-335-3520,,7900 Frankford Ave,,19136,,The Healing Way,,60,17.0,,,,,40.041112001073145,-75.02984695836429,,,,,,,,,,,,,,,,"7900 Frankford Ave Philadelphia, PA19136","7900 Frankford Ave, Philadelphia, Pennsylvania, 19136"
121,121,S00121,http://www.aandorecoveryservices.org/,215-426-1992,,3319 Kensington Ave,,19134,,Alpha and Omega Recovery Services,,1011,,,True,Data needs review,Did site close in 2020? http://web.archive.org/web/20200223214756/http://aandorecoveryservices.org:80/index.html,39.998034005983754,-75.11020300682178,,,,,,,,,,,,,,,,"3319 Kensington Ave Philadelphia, PA19134","3319 Kensington Ave, Philadelphia, Pennsylvania, 19134"
122,122,S00122,http://www.kirkbridecenter.com/,215-471-2600,,111 North 49th St,,19139,,Kirkbride Center,,5,9.0,,,,,39.961158959160514,-75.21937809146134,,,,,,,,,,,,,,,,"111 North 49th St Philadelphia, PA19139","111 N 49th St, Philadelphia, Pennsylvania, 19139"
123,123,S00123,http://www.mwfhe.org/,267-639-9265,215-769-7045,2603 Cecil B. Moore Ave,,19121,,"Men & Women for Human Excellence, Inc., Opioid Treatment Program",,,21.0,,,,"OTP certification ""Provisional"" in Jan 2021; website lists additional phone 215-769-7045; removed ""W[est]"" from street_address to match Google Maps",39.981391988686,-75.17742402627013,,,,,,,,,,,,,,,,"2603 Cecil B. Moore Ave Philadelphia, PA19121","2603 Cecil B Moore Ave, Philadelphia, Pennsylvania, 19121"
124,124,S00124,http://www.pathcenter.org/,215-728-4600,,8220 Castor Ave,,19152,,"People Acting To Help, Inc. (PATH), Main Campus",,1017,,30,,,"[_] Check relationship to Friends Hospital, listed on PATH website as PATH Residential Treatment Facility with same address (4641 Roosevelt Blvd, 19124), but distinct phone = 215-305-6671",40.06505869521622,-75.05319463689516,,,,,,,,,,,,,,,,"8220 Castor Ave Philadelphia, PA19152","8220 Castor Ave, Philadelphia, Pennsylvania, 19152"
125,125,S00125,http://www.soarcorp.org/,215-464-4450,,9150 Marshall St,Suite 2,19114,,SOAR Corporation,,28,18.0,35,,,"[_] Check address_suppl: Suite 2 (2021 website, DBHIDS TAD) or Suite 18 (SAMHSA FT Loc)?",40.07245022366904,-75.03190541777059,,,,,,,,,,,,,,,,"9150 Marshall St Philadelphia, PA19114","9150 Marshall St, Philadelphia, Pennsylvania, 19114"
126,126,S00126,https://fairmountbhs.com/,,,561 Fairthorne Ave,,19128,,,,13,,,,,,40.04304998090632,-75.2212400060246,,,,,,,,,,,,,,,,"561 Fairthorne Ave Philadelphia, PA19128","561 Fairthorne Ave, Philadelphia, Pennsylvania, 19128"
127,127,S00127,https://friendshospital.com/,215-831-4600,,4641 Roosevelt Blvd,,19124,,Friends Hospital,,,,43,,,"[_] Check relationship to PATH Residential Treatment Facility, listed on PATH website with different phone (215-305-6671) but same address (4641 Roosevelt Blvd, 19124)",40.0261720130342,-75.1037790324091,,,,,,,,,,,,,,,,"4641 Roosevelt Blvd Philadelphia, PA19124","4641 Roosevelt Blvd, Philadelphia, Pennsylvania, 19124"
128,128,S00128,https://intercommunityaction.org/,,,6122 Ridge Ave,,19128,,,,65,,,,,,40.03380499316091,-75.21604297459872,,,,,,,,,,,,,,,,"6122 Ridge Ave Philadelphia, PA19128","6122 Ridge Ave, Philadelphia, Pennsylvania, 19128"
129,129,S00129,https://interimhouse.phmc.org/,,,333 West Upsal St,,19119,,,,25,,12,,,,40.04331598060361,-75.18876398689521,,,,,,,,,,,,,,,,"333 West Upsal St Philadelphia, PA19119","333 W Upsal St, Philadelphia, Pennsylvania, 19119"
130,130,S00130,https://kensingtonhospital.org/,,,136 West Diamond St,,19122,,,,59,,17,,,"updated site (""coming soon"") expected by early March 2021",39.98182741479699,-75.13466693289323,,,,,,,,,,,,,,,,"136 West Diamond St Philadelphia, PA19122","136 W Diamond St, Philadelphia, Pennsylvania, 19122"
131,131,S00131,https://kensingtonhospital.org/,,,2100 North Front St,,19122,,,,54,13.0,,,,"updated site (""coming soon"") expected by early March 2021",39.98176301363006,-75.13307797495885,,,,,,,,,,,,,,,,"2100 North Front St Philadelphia, PA19122","2100 N Front St, Philadelphia, Pennsylvania, 19122"
132,132,S00132,https://livengrin.org/,,,9140 Academy Rd,,19114,,,,61,,,,,,40.055338982518464,-75.00791998347637,,,,,,,,,,,,,,,,"9140 Academy Rd Philadelphia, PA19114","9140 Academy Rd, Philadelphia, Pennsylvania, 19114"
133,133,S00133,https://medicine.temple.edu/news/temple-launches-center-excellence-address-opioid-use-pregnancy,,,3401 North Broad St,,19140,,,,,,38,,,,40.00472641850939,-75.15215316969037,,,,,,,,,,,,,,,,"3401 North Broad St Philadelphia, PA19140","3401 N Broad St, Philadelphia, Pennsylvania, 19140"
134,134,S00134,https://rehabafterwork.pyramidhealthcarepa.com/,,,1420 Walnut St,Suite 500,19102,,,,27,,,,,,39.94918301699178,-75.16551904155199,,,,,,,,,,,,,,,,"1420 Walnut St Philadelphia, PA19102","1420 Walnut St, Philadelphia, Pennsylvania, 19102"
135,135,S00135,https://rehabafterwork.pyramidhealthcarepa.com/,,,9815 Roosevelt Boulevard,Suite B,19114,,,,1003,,,,,,40.08593900598862,-75.02211599378946,,,,,,,,,,,,,,,,"9815 Roosevelt Boulevard Philadelphia, PA19114","9815 Roosevelt Blvd, Philadelphia, Pennsylvania, 19114"
136,136,S00136,https://selfhelpmovement.org/,,,2600 Southampton Rd,,19116,,,,30,20.0,,,,,40.1198390457387,-74.99525676608411,,,,,,,,,,,,,,,,"2600 Southampton Rd Philadelphia, PA19116","2600 Southampton Rd, Philadelphia, Pennsylvania, 19116"
137,137,S00137,https://www.amhainc.org/,,,928 Market St,,19107,,,,52,1.0,1,,,,39.951400983711494,-75.15605350220602,,,,,,,,,,,,,,,,"928 Market St Philadelphia, PA19107","928 Market St, Philadelphia, Pennsylvania, 19107"
138,138,S00138,https://www.aporiagroup.com/,,,525 South 4th St,"2nd Floor, Suite 243",19147,,,,1015,,,,,,39.941870979937676,-75.14885598567727,,,,,,,,,,,,,,,,"525 South 4th St Philadelphia, PA19147","525 S 4th St, Philadelphia, Pennsylvania, 19147"
139,139,S00139,https://www.belmontbehavioral.com/,,,4200 Monument Rd,,19131,,,,68,,,,,,39.99948998447485,-75.21534903683484,,,,,,,,,,,,,,,,"4200 Monument Rd Philadelphia, PA19131","4200 Monument Rd, Philadelphia, Pennsylvania, 19131"
140,140,S00140,https://www.cleanslatecenters.com/philadelphia-port-richmond-pennsylvania,,,3380 Memphis St,,19134,CleanSlate Outpatient Addiction Medicine,"CleanSlate (Port Richmond, PA)",,,,,,,,39.99129176332601,-75.10247757749963,,,,,,,,,,,,,,,,"3380 Memphis St Philadelphia, PA19134","3380 Memphis St, Philadelphia, Pennsylvania, 19134"
141,141,S00141,https://www.coraservices.org/,,,8540 Verree Rd,,19111,,,,1002,,,,,,40.08123600393591,-75.06850597219007,,,,,,,,,,,,,,,,"8540 Verree Rd Philadelphia, PA19111","8540 Verree Rd, Philadelphia, Pennsylvania, 19111"
142,142,S00142,https://www.geogroup.com/,,,3768 L St,,19124,,,,1006,,,,,,40.004656217163074,-75.1035355637958,,,,,,,,,,,,,,,,"3768 L St Philadelphia, PA19124","3768 L St, Philadelphia, Pennsylvania, 19124"
143,143,S00143,https://www.gpasspa.org/,,,4943 North 5th St,,19120,,,,37,,11,,,,40.02693598159911,-75.13227599446301,,,,,,,,,,,,,,,,"4943 North 5th St Philadelphia, PA19120","4943 N 5th St, Philadelphia, Pennsylvania, 19120"
144,144,S00144,https://www.hhinc.org/,,,2137 North 33rd St,,19121,,,,40,,,,,,39.989925981494565,-75.18634999878068,,,,,,,,,,,,,,,,"2137 North 33rd St Philadelphia, PA19121","2137 N 33rd St, Philadelphia, Pennsylvania, 19121"
145,145,S00145,https://www.jevshumanservices.org/,,,1745 North 4th St,,19122,,,,53,2.0,14,,,,39.97749079554392,-75.14141824771215,,,,,,,,,,,,,,,,"1745 North 4th St Philadelphia, PA19122","1745 N 4th St, Philadelphia, Pennsylvania, 19122"
146,146,S00146,https://www.jevshumanservices.org/,,,5820 Old York Rd,,19141,,,,55,12.0,13,,,,40.042042979058834,-75.14471297857571,,,,,,,,,,,,,,,,"5820 Old York Rd Philadelphia, PA19141","5820 Old York Rd, Philadelphia, Pennsylvania, 19141"
147,147,S00147,https://www.mainlinehealth.org/find-a-doctor/mario-littman,,,7300 City Ave,Suite 203,19151,,,,,,,,,,39.980209008781344,-75.26763199608197,,,,,,,,,,,,,,,,"7300 City Ave Philadelphia, PA19151","7300 City Ave, Philadelphia, Pennsylvania, 19151"
148,148,S00148,https://www.mazzonicenter.org/,,,1348 Bainbridge St,,19147,,,,34,,,,,,39.942612612782156,-75.16495624466991,,,,,,,,,,,,,,,,"1348 Bainbridge St Philadelphia, PA19147","1348 Bainbridge St, Philadelphia, Pennsylvania, 19147"
149,149,S00149,https://www.paatc.org/,,,329 East Wister St,,19144,,,,1014,,,,,,40.03366199789275,-75.16154601944683,,,,,,,,,,,,,,,,"329 East Wister St Philadelphia, PA19144","329 E Wister St, Philadelphia, Pennsylvania, 19144"
150,150,S00150,https://www.philachildrenscrc.com/,,,3300 Henry Ave,,19129,,Philadelphia Children’s Crisis Response Center,,,,47,,,,40.0113800074958,-75.1842929959224,,,,,,,,,,,,,,,,"3300 Henry Ave Philadelphia, PA19129","3300 Henry Ave, Philadelphia, Pennsylvania, 19129"
151,151,S00151,https://www.philadelphia.va.gov/,,,3900 Woodland Ave,,19104,,Philadelphia VA Medical Center (PVAMC),,"[18, 1]",5.0,,,,,39.94976513415977,-75.20123320007255,,,,,,,,,,,,,,,,"3900 Woodland Ave Philadelphia, PA19104","3900 Woodland Ave, Philadelphia, Pennsylvania, 19104"
152,152,S00152,https://www.providencetreatment.com/,,,1528 Walnut St,Suite 1410,19102,,,,1001,,,,,,39.94961641497169,-75.16694292593914,,,,,,,,,,,,,,,,"1528 Walnut St Philadelphia, PA19102","1528 Walnut St, Philadelphia, Pennsylvania, 19102"
153,153,S00153,https://www.rhd.org/morrishome/,,,5037 Woodland Ave,,19143,,,,1013,,,,,,39.93939999488154,-75.21515499577632,,,,,,,,,,,,,,,,"5037 Woodland Ave Philadelphia, PA19143","5037 Woodland Ave, Philadelphia, Pennsylvania, 19143"
154,154,S00154,https://www.swnustop.com/,,,5616 Woodland Ave,,19143,,,,43,,,,,,39.933802015117266,-75.22207903453246,,,,,,,,,,,,,,,,"5616 Woodland Ave Philadelphia, PA19143","5616 Woodland Ave, Philadelphia, Pennsylvania, 19143"
155,155,S00155,https://www.templehealth.org/locations/temple-health-episcopal-campus,,,100 East Lehigh Ave,,19125,,,,,,46,,,,39.98968102037426,-75.12818202149504,,,,,,,,,,,,,,,,"100 East Lehigh Ave Philadelphia, PA19125","100 E Lehigh Ave, Philadelphia, Pennsylvania, 19125"
156,156,S00156,https://www.thebridgephiladelphia.org/,,,1100 Adams Ave,,19124,,,,1007,,,,,,40.01633899287151,-75.09489496941441,,,,,,,,,,,,,,,,"1100 Adams Ave Philadelphia, PA19124","1100 Adams Ave, Philadelphia, Pennsylvania, 19124"
157,157,S00157,https://www.trinityhealthma.org/,,,501 South 54th St,,19143,,,,38,10.0,50,,,URL redirects from mercyhealth.org,39.952413932396325,-75.23024877130429,,,,,,,,,,,,,,,,"501 South 54th St Philadelphia, PA19143","501 S 54th St, Philadelphia, Pennsylvania, 19143"
158,158,S00158,https://www.wedgepc.com/,,,4243 Frankford Ave,,19124,Wedge Recovery Centers,,,15,,41,,,,40.009375014346745,-75.08898597913281,,,,,,,,,,,,,,,,"4243 Frankford Ave Philadelphia, PA19124","4243 Frankford Ave, Philadelphia, Pennsylvania, 19124"
159,159,S00159,https://www.wedgepc.com/,,,3609 North Broad St,,19140,Wedge Recovery Centers,,,16,,39,,,,40.00797900837287,-75.15109001433062,,,,,,,,,,,,,,,,"3609 North Broad St Philadelphia, PA19140","3609 N Broad St, Philadelphia, Pennsylvania, 19140"
160,160,S00160,https://www.wedgepc.com/,,,2009 South Broad St,,19148,Wedge Recovery Centers,,,17,,40,,,,39.92523399178182,-75.16903801596213,,,,,,,,,,,,,,,,"2009 South Broad St Philadelphia, PA19148","2009 S Broad St, Philadelphia, Pennsylvania, 19148"
161,161,S00161,https://www.wifamilyhealth.org/,,,5936 Chestnut St,1st Floor,19139,,,,64,,,,,,39.960179990138954,-75.24053003417353,,,,,,,,,,,,,,,,"5936 Chestnut St Philadelphia, PA19139","5936 Chestnut St, Philadelphia, Pennsylvania, 19139"
162,162,S00162,https://aschermd.com/,646-812-1421,,130 South 18th St,Apt 2102,19103,,"Michael Ascher, M.D., Psychiatry in Philadelphia & the Main Line",,,,,,,,39.950770004629504,-75.17085001579059,,,,,,,,,,,,,,,,"130 South 18th St Philadelphia, PA19103","130 S 18th St, Philadelphia, Pennsylvania, 19103"
163,163,S00163,https://www.bayada.com/offices/pa/philadelphia/1020-n--delaware-ave/home-health,,,1020 North Delaware Ave,,19125,,,,,,,,,,39.96593798043483,-75.1324749808444,,,,,,,,,,,,,,,,"1020 North Delaware Ave Philadelphia, PA19125","1020 N Delaware Ave, Philadelphia, Pennsylvania, 19125"
164,164,S00164,https://couragemedicine.org/,,,1010 West Lehigh Ave,,19133,,Courage Medicine,,,,,True,Data needs review,This address is listed in the provider's data but conflicts with practice website,39.99289200175224,-75.1485340367763,,,,,,,,,,,,,,,,"1010 West Lehigh Ave Philadelphia, PA19133","1010 W Lehigh Ave, Philadelphia, Pennsylvania, 19133"
165,165,S00165,https://couragemedicine.org/about/,215-385-5031,,7198 Castor Ave,,19149,,Courage Medicine,,,,,True,Data needs review,"This address is listed on the practice website, but conflicts with provider's data",40.04920401612725,-75.06844503575398,,,,,,,,,,,,,,,,"7198 Castor Ave Philadelphia, PA19149","7198 Castor Ave, Philadelphia, Pennsylvania, 19149"
166,166,S00166,https://beasleyaddiction.com/,267-417-9078,,2401 Pennsylvania Ave,E 1C44-45,19130,,Beasley Addiction Specialists,,,,,,,,39.96661201117868,-75.17792903593644,,,,,,,,,,,,,,,,"2401 Pennsylvania Ave Philadelphia, PA19130","2401 Pennsylvania Ave, Philadelphia, Pennsylvania, 19130"
167,167,S00167,https://www.beaumontretirement.com/about/management-team/,,,1201 Latona St,,19147,,,,,,,,,,39.934724988385454,-75.16425899004761,,,,,,,,,,,,,,,,"1201 Latona St Philadelphia, PA19147","1201 Latona St, Philadelphia, Pennsylvania, 19147"
168,168,S00168,https://chrispagnanimd.com/,267-687-0655,,1528 Walnut St,Suite 1415,19102,,"Chris Pagnani, MD PC, Private Practice of Psychiatry, Philadelphia",,,,,,,,39.94961641497169,-75.16694292593914,,,,,,,,,,,,,,,,"1528 Walnut St Philadelphia, PA19102","1528 Walnut St, Philadelphia, Pennsylvania, 19102"
169,169,S00169,https://www.familymedassoc.com/,,,205 North Broad St,Suite 500,19107,,,,,,,,,,39.95639160558838,-75.16265773656782,,,,,,,,,,,,,,,,"205 North Broad St Philadelphia, PA19107","205 N Broad St, Philadelphia, Pennsylvania, 19107"
170,170,S00170,https://richardsobelmd.com/,,,1500 Walnut St,Suite 902,19102,,,,,,,,,,39.949196008941726,-75.1662650309346,,,,,,,,,,,,,,,,"1500 Walnut St Philadelphia, PA19102","1500 Walnut St, Philadelphia, Pennsylvania, 19102"
171,171,S00171,https://www.myexecutivehealth.com/,,,1845 Walnut St,Suite 1540,19103,,,,,,,,,,39.95067000852464,-75.1716300357001,,,,,,,,,,,,,,,,"1845 Walnut St Philadelphia, PA19103","1845 Walnut St, Philadelphia, Pennsylvania, 19103"
172,172,S00172,http://www.philapainclinic.com/,215-969-2331,,12000 Bustleton Ave,Suite 208,19116,,Phila Pain Clinic,,,,,True,Data needs review,[_] Is pain management clinic suitable for listing on MAT finder?,40.12234701780713,-75.01670798986065,,,,,,,,,,,,,,,,"12000 Bustleton Ave Philadelphia, PA19116","12000 Bustleton Ave, Philadelphia, Pennsylvania, 19116"
173,173,S00173,https://www.hhinc.org/,,,5901 Market St,3rd Floor,19139,,,,,,,,,,39.96206998357647,-75.23904501238793,,,,,,,,,,,,,,,,"5901 Market St Philadelphia, PA19139","5901 Market St, Philadelphia, Pennsylvania, 19139"
174,174,S00174,https://www.cctckids.org/about-us/overview/,,,1080 North Delaware Ave,Suite 600,19125,,,,,,,,,,39.965683395059784,-75.13248116368341,,,,,,,,,,,,,,,,"1080 North Delaware Ave Philadelphia, PA19125","1080 N Delaware Ave, Philadelphia, Pennsylvania, 19125"
175,175,S00175,,,,3396 Miller St,,19134,,New Journeys in Recovery,,1010,,,True,Data needs review,Did site close after 2020? http://web.archive.org/web/20201020175717/http://njir-phila.org/,39.989106985735305,-75.1003280352337,,,,,,,,,,,,,,,,"3396 Miller St Philadelphia, PA19134","3396 Miller St, Philadelphia, Pennsylvania, 19134"
176,176,S00176,https://web.archive.org/web/20151108032653/http://www.covenanthousehealth.org/,215-844-1020,,251 East Bringhurst St,,19144,"Covenant House Health Services, Inc.",Main Admin Office,64.0,,,,True,Not a practice site,URL converted to most recent archival copy available (2015),40.03464699724441,-75.16493398471034,,,,,,,,,,,,,,,,"251 East Bringhurst St Philadelphia, PA19144","251 E Bringhurst St, Philadelphia, Pennsylvania, 19144"
177,177,S00177,,215-248-7561,,8125 Stenton Ave,,19150,"Covenant House Health Services, Inc.",Mt. Pleasant Health Center,67.0,,,,,,"Only indirect URLs found, e.g. https://www.freeclinics.com/det/pa_19150_mt-pleasant-medical-center-covenant-house",40.06751600190415,-75.17890100142867,,,,,,,,,,,,,,,,"8125 Stenton Ave Philadelphia, PA19150","8125 Stenton Ave, Philadelphia, Pennsylvania, 19150"
178,178,S00178,,267-331-9832,,138 Chelten Ave,2nd Floor Rear,19144,"Covenant House Health Services, Inc.",Covenant House Health and Dental Center,66.0,,,,,,No online information found for this street address,40.032967055727894,-75.17758869544157,,,,,,,,,,,,,,,,"138 Chelten Ave Philadelphia, PA19144","138 W Chelten Ave, Philadelphia, Pennsylvania, 19144"
179,179,S00179,,215-844-0181,,251 East Bringhurst St,,19144,"Covenant House Health Services, Inc.",Covenant House Health Services,65.0,,,,,,"URL from HFP (http://www.covenanthousehealth.org/) has been inactive since 2016 | Only indirect URLs found, e.g. https://www.freeclinics.com/det/pa_Covenant_House_Inc",40.03464699724441,-75.16493398471034,,,,,,,,,,,,,,,,"251 East Bringhurst St Philadelphia, PA19144","251 E Bringhurst St, Philadelphia, Pennsylvania, 19144"
