oid,site_id,website1,website2,phone1,phone2,street1,street2,city,state_usa,zipcode,name1,name2,name3,id_hfp_fqhc,id_samhsa_ftloc,id_samhsa_otp,id_dbhids_tad,archival_only,why_hidden,data_review,latitude,longitude,mat_avail,bu,mu,nu,fqhc,prim_care,telehealth
1,S00001,https://www.phila.gov/departments/department-of-public-health/,,215-685-4758,,1101 Market St,8th Floor,Philadelphia,PA,19107,City of Philadelphia Public Health,"Ambulatory Health Services, Main Admin Office",,1,NULL,NULL,NULL,True,Not a practice site,,39.95216,-75.1587,,,,,,,
2,S00002,https://www.phila.gov/services/mental-physical-health/city-health-centers/,,215-685-1803,,1700 South Broad St,Suite 201,Philadelphia,PA,19145,City of Philadelphia Public Health,District Health Center #2,,2,NULL,NULL,NULL,False,,,39.92904,-75.1694,,,,,,,
3,S00003,https://www.phila.gov/services/mental-physical-health/city-health-centers/,,215-685-7504,,555 South 43rd St,,Philadelphia,PA,19104,City of Philadelphia Public Health,District Health Center #3,,3,NULL,NULL,NULL,False,,,39.94888,-75.2091,,,,,,,
4,S00004,https://www.phila.gov/services/mental-physical-health/city-health-centers/,,215-685-7601,,4400 Haverford Ave,,Philadelphia,PA,19104,City of Philadelphia Public Health,District Health Center #4,,4,NULL,NULL,NULL,False,,,39.96253,-75.2106,,,,,,,
5,S00005,https://www.phila.gov/services/mental-physical-health/city-health-centers/,,215-685-2933,,1900 North 20th St,,Philadelphia,PA,19121,City of Philadelphia Public Health,District Health Center #5,,5,NULL,NULL,NULL,False,,,39.98317,-75.1669,,,,,,,
6,S00006,https://www.phila.gov/services/mental-physical-health/city-health-centers/,,215-685-3803,,301 West Girard Ave,,Philadelphia,PA,19123,City of Philadelphia Public Health,District Health Center #6,,6,NULL,NULL,NULL,False,,"PDPH and HFP websites both list 301 for street_address, but 321 is used in most providers' data (Google Maps recognizes both)",39.97021,-75.1419,,,,,,,
7,S00007,https://www.phila.gov/services/mental-physical-health/city-health-centers/,,215-685-5701,,131 East Chelten Ave,,Philadelphia,PA,19144,City of Philadelphia Public Health,District Health Center #9,,7,NULL,NULL,NULL,False,,,40.03795,-75.1727,,,,,,,
8,S00008,https://www.phila.gov/services/mental-physical-health/city-health-centers/,,215-685-0639,,2230 Cottman Ave,,Philadelphia,PA,19149,City of Philadelphia Public Health,District Health Center #10,,8,NULL,NULL,NULL,False,,,40.04833,-75.0611,,,,,,,
9,S00009,https://www.phila.gov/services/mental-physical-health/city-health-centers/,,215-685-2401,,2840 West Dauphin St,,Philadelphia,PA,19132,City of Philadelphia Public Health,Strawberry Mansion Health Center,,9,NULL,NULL,NULL,False,,,39.99084,-75.1793,,,,,,,
10,S00010,https://dvch.org/,,215-235-9600,,1412 Fairmount Ave,2nd Floor,Philadelphia,PA,19130,"Delaware Valley Community Health, Inc. (DVCH)",Main Admin Office,,10,NULL,NULL,NULL,True,Not a practice site,,39.96682,-75.1614,,,,,,,
11,S00011,https://dvch.org/fairmount-primary/,,215-235-9600,,1412 Fairmount Ave,,Philadelphia,PA,19130,"Delaware Valley Community Health, Inc. (DVCH)",Fairmount Primary Care Center,,11,NULL,NULL,NULL,False,,,39.96682,-75.1614,,,,,,,
12,S00012,https://dvch.org/fairmount-primary-girard/,,215-827-8010,,801 West Girard Ave,,Philadelphia,PA,19122,"Delaware Valley Community Health, Inc. (DVCH)",Fairmount Primary Care Center at Girard Medical Center,,12,NULL,NULL,NULL,False,,,39.97151,-75.1502,,,,,,,
13,S00013,https://dvch.org/fairmount-primary-horizon-house/,,215-222-2466,,120 South 30th St,,Philadelphia,PA,19104,"Delaware Valley Community Health, Inc. (DVCH)",Fairmount Primary Care Center at Horizon House,,13,NULL,NULL,NULL,False,,,39.9528,-75.1839,,,,,,,
14,S00014,https://dvch.org/fairmount-primary-sharon-hill/,,610-278-7381,,800 Chester Pike,,Sharon Hill,PA,19079,"Delaware Valley Community Health, Inc.",Fairmount Primary Care Center at Sharon Hill,,14,NULL,NULL,NULL,False,,,39.91187,-75.2699,,,,,,,
15,S00015,https://dvch.org/maria-de-los-santos-health-center/,,215-291-2500,,401 West Allegheny Ave,,Philadelphia,PA,19133,"Delaware Valley Community Health, Inc. (DVCH)",Maria de los Santos Health Center,,15,NULL,NULL,NULL,False,,,40.00052,-75.1381,,,,,,,
16,S00016,https://dvch.org/maria-de-los-santos-womens-health/,,215-207-0522,,400 West Allegheny Ave,Unit B-5,Philadelphia,PA,19133,"Delaware Valley Community Health, Inc.",Maria de los Santos Women’s Health Center,,16,NULL,NULL,NULL,False,,,39.99909,-75.1369,,,,,,,
17,S00017,https://dvch.org/norristown-regional-health/,,610-278-7787,,1401 DeKalb St,,Philadelphia,PA,19401,"Delaware Valley Community Health, Inc.",Norristown Regional Health Center,,17,NULL,NULL,NULL,False,,,40.12376,-75.3338,,,,,,,
18,S00018,https://dvch.org/parkview-health-center/,,215-537-7695,,841 East Hunting Park Ave,Suite 201,Philadelphia,PA,19124,"Delaware Valley Community Health, Inc. (DVCH)",Parkview Health Center,,18,NULL,NULL,NULL,False,,,40.01208,-75.1103,,,,,,,
19,S00019,https://esperanzahealth.com/,,215-302-3150,,4417 North 6th St,,Philadelphia,PA,19140,Esperanza Health Center,Main Admin Office,,19,NULL,NULL,NULL,True,Not a practice site,,40.01893,-75.1365,,,,,,,
20,S00020,https://esperanzahealth.com/,,215-302-3600,215-302-3150,4417 North 6th St,,Philadelphia,PA,19140,Esperanza Health Center,Hunting Park Site,,20,NULL,NULL,NULL,False,,,40.01893,-75.1365,,,,,,,
21,S00021,https://esperanzahealth.com/patients/our-locations/,,215-302-3600,215-831-1100,861 East Allegheny Ave,,Philadelphia,PA,19134,Esperanza Health Center,Kensington Site,,21,NULL,NULL,NULL,False,,,39.99679,-75.1135,,,,,,,
22,S00022,https://esperanzahealth.com/patients/our-locations/,,215-302-3600,215-221-6633,2940 North 5th St,,Philadelphia,PA,19133,Esperanza Health Center,Fifth Street Site,,22,NULL,NULL,NULL,False,,,39.99617,-75.1395,,,,,,,
23,S00023,https://esperanzahealth.com/,,215-302-3600,,3156 Kensington Ave,,Philadelphia,PA,19134,Esperanza Health Center,Kensington & Allegheny,,23,NULL,NULL,NULL,True,Site closed,Moved to 861 East Allegheny Ave in 2020,39.99611,-75.1142,,,,,,,
24,S00024,https://www.fpcn.com/,,215-298-0405,,4700 Wissahickon Ave,"Building D, Suite 118",Philadelphia,PA,19144,The Family Practice & Counseling Network (FPCN),Main Admin Office,,24,NULL,NULL,NULL,True,Not a practice site,,40.01535,-75.1738,,,,,,,
25,S00025,https://www.fpcn.com/abbottsford-falls/,,215-843-9720,,4700 Wissahickon Ave,"Building D, Suite 119",Philadelphia,PA,19144,The Family Practice & Counseling Network (FPCN),Abbotsford-Falls Health Center,,25,NULL,NULL,NULL,False,,,40.01535,-75.1738,,,,,,,
26,S00026,https://www.fpcn.com/stephen-and-sandra-sheller-11th-street-family-health-services-of-drexel-university/,,215-769-1100,,850 North 11th St,,Philadelphia,PA,19123,The Family Practice & Counseling Network (FPCN),Stephen and Sandra Sheller 11th Street Family Health Services of Drexel University,,26,NULL,NULL,NULL,False,,,39.96801,-75.1552,,,,,,,
27,S00027,https://www.fpcn.com/Fast-Family-Care/,,267-597-3610,,2800 Fox St,Unit A,Philadelphia,PA,19129,The Family Practice & Counseling Network (FPCN),Fast Family Care at Shoprite,,27,NULL,NULL,NULL,False,,,40.01161,-75.1733,,,,,,,
28,S00028,https://www.fpcn.com/health-annex/,,215-727-4721,,6120B Woodland Ave,2nd Floor,Philadelphia,PA,19143,The Family Practice & Counseling Network (FPCN),Health Annex,,28,NULL,NULL,NULL,False,,March 2021: Building closed for renovations; phone for appointments elsewhere,39.92891,-75.2295,,,,,,,
29,S00029,https://www.fpcn.com/annex-west-health-center/,,267-350-5150,,3901 Market St,,Philadelphia,PA,19104,The Family Practice & Counseling Network (FPCN),Annex West Health Center,,29,NULL,NULL,NULL,False,,,39.957,-75.1996,,,,,,,
30,S00030,https://www.gphainc.org/,,215-925-2400,,1401 South 31st St,,Philadelphia,PA,19146,"Greater Philadelphia Health Action, Inc. (GPHA)",Main Admin Office,,30,NULL,NULL,NULL,True,Not a practice site,,39.93587,-75.1951,,,,,,,
31,S00031,https://www.gphainc.org/locations/find-a-location-near-you/#al-assist-behavioral-healthcare-center,,215-339-1079,215-339-1070,1401 South 4th St,,Philadelphia,PA,19147,"Greater Philadelphia Health Action, Inc. (GPHA)",Al-Assist Behavioral Healthcare Center,,31,1016,NULL,NULL,False,,phone1 = Medical; phone2 = Behavioral Health; Pharmacy phone = 215-952-6960,39.93071,-75.1515,,,,,,,
32,S00032,https://www.gphainc.org/locations/find-a-location-near-you/#carl-moore-health-center,,215-755-7700,215-789-6931,1401 South 31st St,,Philadelphia,PA,19146,"Greater Philadelphia Health Action, Inc. (GPHA)",Carl Moore Health Center,,32,NULL,NULL,NULL,False,,phone1 = Medical & Behavioral Health; phone2 = Pharmacy,39.93587,-75.1951,,,,,,,
33,S00033,https://www.gphainc.org/locations/find-a-location-near-you/#chinatown-medical-services,,215-627-8000,267-519-0271,432 North 6th St,,Philadelphia,PA,19123,"Greater Philadelphia Health Action, Inc. (GPHA)",Chinatown Medical Services,,33,NULL,NULL,NULL,False,,phone1 = Medical & Behavioral Health; phone2 = Pharmacy,39.9592,-75.1487,,,,,,,
34,S00034,https://www.gphainc.org/locations/find-a-location-near-you/#frankford-avenue-health-center,,215-744-1302,215-831-9882,4500-4510 Frankford Ave,,Philadelphia,PA,19124,"Greater Philadelphia Health Action, Inc. (GPHA)",Frankford Avenue Health Center,,34,NULL,NULL,NULL,False,,phone1 = Medical; phone2 = Behavioral Health; Pharmacy phone = 215-743-4106,40.01432,-75.0863,,,,,,,
35,S00035,https://www.gphainc.org/locations/find-a-location-near-you/#gpha-inc-dental-and-behavioral-healthcare,,888-296-4742,215-724-4700,5501 Woodland Ave,,Philadelphia,PA,19143,"Greater Philadelphia Health Action, Inc. (GPHA)","GPHA, Inc. Dental and Behavioral Health",,35,NULL,NULL,NULL,False,,phone1 = Medical; phone2 = Behavioral Health; Pharmacy phone = 215-729-3912,39.93547,-75.2208,,,,,,,
36,S00036,https://www.gphainc.org/locations/find-a-location-near-you/#gpha-inc-medical-suite-at-temple-university-kornberg-school-of-dentistry,,215--226-3789,,3223 North Broad St,"1st Floor, Suite 136",Philadelphia,PA,19140,"Greater Philadelphia Health Action, Inc. (GPHA)","GPHA, Inc. Medical Suite at Temple University Kornberg School of Dentistry",,36,NULL,NULL,NULL,False,,,40.00228,-75.1527,,,,,,,
37,S00037,https://www.gphainc.org/locations/find-a-location-near-you/#gpha-spectrum-behavioral-services,,484-472-7430,,1489 Baltimore Pike,"Building 300, Suite 300",Springfield,PA,19064,"Greater Philadelphia Health Action, Inc. (GPHA)",GPHA Spectrum Behavioral Services,,37,NULL,NULL,NULL,False,,,39.91184,-75.3582,,,,,,,
38,S00038,https://www.gphainc.org/locations/find-a-location-near-you/#hunting-park-health-center,,215-228-9300,215-221-6255,1999 West Hunting Park Ave,,Philadelphia,PA,19140,"Greater Philadelphia Health Action, Inc. (GPHA)",Hunting Park Health Center,,38,NULL,NULL,NULL,False,,phone1 = Medical & Behavioral Health; phone2 = Pharmacy,40.01272,-75.1609,,,,,,,
39,S00039,https://www.gphainc.org/locations/find-a-location-near-you/#snyder-avenue-dental-center,,215-334-4900,,640 Snyder Ave,,Philadelphia,PA,19148,"Greater Philadelphia Health Action, Inc. (GPHA)",Snyder Avenue Dental Center,,39,NULL,NULL,NULL,True,Other,"Dental care only (no Medical, no Behavioral Health, no Pharmacy)",39.92271,-75.158,,,,,,,
40,S00040,https://www.gphainc.org/locations/find-a-location-near-you/#southeast-health-center,,215-339-5100,215-339-4006,800 Washington Ave,,Philadelphia,PA,19147,"Greater Philadelphia Health Action, Inc. (GPHA)",Southeast Health Center,,40,NULL,NULL,NULL,False,,phone1 = Medical & Behavioral Health; phone2 = Medical Dispensary,39.93578,-75.1572,,,,,,,
41,S00041,https://www.gphainc.org/locations/find-a-location-near-you/#woodland-avenue-health-center,,215-726-9807,215-730-2828,5000 Woodland Ave,,Philadelphia,PA,19143,"Greater Philadelphia Health Action, Inc. (GPHA)",Woodland Avenue Health Center,,41,NULL,NULL,NULL,False,,phone1 = Medical & Behavioral; phone2 = Medical Dispensary,39.9388,-75.2139,,,,,,,
42,S00042,https://www.phmc.org/,,215-985-2500,,1500 Market St,Suite 1500,Philadelphia,PA,19102,Public Health Management Corporation (PHMC),Main Admin Office,,42,NULL,NULL,NULL,True,Not a practice site,,39.95244,-75.1652,,,,,,,
43,S00043,https://www.phmc.org/site/programs/health-care-centers/congreso-health-center,,267-765-2272,,412 West Lehigh Ave,,Philadelphia,PA,19133,Public Health Management Corporation (PHMC),Congresso Health Center,,43,NULL,NULL,NULL,False,,,39.99159,-75.1397,,,,,,,
44,S00044,https://www.phmc.org/site/programs/health-care-centers/phmc-health-connection,,215-765-6690,,1900 North 9th St,,Philadelphia,PA,19122,Public Health Management Corporation (PHMC),Health Connection,,44,NULL,NULL,NULL,False,,,39.98143,-75.149,,,,,,,
45,S00045,https://www.phmc.org/site/programs/health-care-centers/375-phmc-care-clinic,,215-825-8220,,1200 Callowhill St,Suite 101,Philadelphia,PA,19123,Public Health Management Corporation (PHMC),Care Clinic,,45,32,NULL,"[4, 31, 32]",False,,"address_suppl ""Suite 101"" from PHMC website; some sources list ""Suite 102""",39.95904,-75.1584,,,,,,,
46,S00046,https://www.phmc.org/site/programs/health-care-centers/mary-howard,,215-592-4500,,125 South 9th St,,Philadelphia,PA,19107,Public Health Management Corporation (PHMC),Mary Howard Health Center,,46,NULL,NULL,NULL,False,,,39.94885,-75.1554,,,,,,,
47,S00047,https://www.phmc.org/site/programs/health-care-centers/rising-sun,,215-279-9666,,5675 North Front St,,Philadelphia,PA,19120,Public Health Management Corporation (PHMC),Rising Sun Health Center,,47,NULL,NULL,NULL,False,,,40.03641,-75.1207,,,,,,,
48,S00048,https://www.phmc.org/site/32-misc/shared-programs/1242-pathways-to-recovery,,215-731-2402,,2301 East Allegheny Ave,,Philadelphia,PA,19134,Public Health Management Corporation (PHMC),Pathways to Recovery,,48,"[12, 23]",NULL,"[28, 48]",False,,,39.99,-75.1061,,,,,,,
49,S00049,https://fight.org/,,215-985-4448,,1233 Locust St,3rd Floor,Philadelphia,PA,19107,Philadelphia FIGHT,Main Admin Office,,49,NULL,NULL,NULL,True,Not a practice site,,39.94793,-75.1617,,,,,,,
50,S00050,https://fight.org/programs/lax-center/,,215-790-1788,,1233 Locust St,4th Floor,Philadelphia,PA,19107,Philadelphia FIGHT,Jonathan Lax Treatment Center,,50,NULL,NULL,NULL,False,,,39.94793,-75.1617,,,,,,,
51,S00051,https://fight.org/programs/john-bell-center/,,267-725-0252,,1207 Chestnut St,3rd Floor,Philadelphia,PA,19107,Philadelphia FIGHT,John Bell Health Center,,51,NULL,NULL,NULL,False,,,39.95073,-75.1605,,,,,,,
52,S00052,https://fight.org/programs/broad-street-ministry/,,215-525-8681,,315 South Broad St,,Philadelphia,PA,19107,Philadelphia FIGHT,Community Health Centers Clinic at Broad Street Ministry,,52,NULL,NULL,NULL,False,,Added from program website based on finding provider with buprenorphine waiver dated 2020-11-25 (30 patients),39.94635,-75.1648,,,,,,,
53,S00053,https://pathwaystohousingpa.org/,,215-390-1500,,5201 Old York Rd,4th Floor,Philadelphia,PA,19141,Pathways,Pathways to Housing PA,,53,NULL,NULL,27,False,,"address_suppl changed from ""Suite 108"" to ""4th Floor"" to match program website (c) 2020",40.03233,-75.145,,,,,,,
54,S00054,https://projecthome.org/stephen-klein-wellness-center,,215-320-6187,,2144 Cecil B. Moore Ave,,Philadelphia,PA,19121,Project HOME,Stephen Klein Wellness Center,,54,NULL,NULL,34,False,,,39.98016,-75.1708,,,,,,,
55,S00055,https://projecthome.org/hub-hope,,215-309-5225,,1401 Arch St,Lower Level ,Philadelphia,PA,19102,Project HOME,Hub of Hope,,55,NULL,NULL,NULL,False,,,39.95469,-75.1634,,,,,,,
56,S00056,https://qchc.org/facilities-1,,215-227-0300,,2501 West Lehigh Ave,,Philadelphia,PA,19132,"Quality Community Health Care, Inc. (QCHC)",QCHC Family Health Center,,56,NULL,NULL,NULL,False,,,39.99647,-75.1725,,,,,,,
57,S00057,https://qchc.org/facilities-1,,215-457-6902,,1300 West Loudon St,,Philadelphia,PA,19141,"Quality Community Health Care, Inc. (QCHC)",Cooke Family Health Center,,57,NULL,NULL,NULL,False,,,40.02582,-75.1454,,,,,,,
58,S00058,https://qchc.org/facilities-1,,215-765-9501,,1800 West Oxford St,,Philadelphia,PA,19121,"Quality Community Health Care, Inc. (QCHC)",Meade Family Health Center,,58,NULL,NULL,NULL,False,,,39.97806,-75.1647,,,,,,,
59,S00059,http://www.sayrehealth.org/,,215-474-4444,,5800 Walnut St,227 South 59th St,Philadelphia,PA,19139,Sayre Health Center,"Dr. Bernett L. Johnson, Jr. Sayre Health Center",,59,NULL,NULL,NULL,False,,address_suppl Added from Sayre website (map shows intersection with listed street_address),39.95796,-75.2378,,,,,,,
60,S00060,https://www.spectrumhs.org/,,215-471-2750,,5201 Haverford Ave,,Philadelphia,PA,19139,"Spectrum Health Services, Inc.",Main Admin Office,,60,NULL,NULL,NULL,True,Not a practice site,,39.9654,-75.225,,,,,,,
61,S00061,https://www.spectrumhs.org/locations/spectrum-community-health-center-schc/,,215-471-2761,,5201 Haverford Ave,,Philadelphia,PA,19139,"Spectrum Health Services, Inc.",Spectrum Community Health Center (SCHC),,61,NULL,NULL,NULL,False,,phone1 shared between 3 sites (https://www.spectrumhs.org/locations/),39.9654,-75.225,,,,,,,
62,S00062,https://www.spectrumhs.org/locations/broad-street-health-center-bshc/,,215-471-2761,,1415 North Broad St,,Philadelphia,PA,19122,"Spectrum Health Services, Inc.",Broad Street Health Center (BSHC),,62,NULL,NULL,NULL,False,,phone1 shared between 3 sites (https://www.spectrumhs.org/locations/),39.97499,-75.1586,,,,,,,
63,S00063,https://www.spectrumhs.org/locations/reed-street-health-center-rshc/,,215-471-2761,,1325 South 33rd St,,Philadelphia,PA,19146,"Spectrum Health Services, Inc.",Reed Street Health Center (RSHC),,63,NULL,NULL,NULL,False,,phone1 shared between 3 sites (https://www.spectrumhs.org/locations/),39.93705,-75.1978,,,,,,,
64,S00064,https://apmphila.org/services/health-services/,,267-296-7220,267-296-7222,4301 Rising Sun Ave,,Philadelphia,PA,19140,Asociación Puertorriqueños en Marcha,APM Behavioral Health Center [1 of 3],,NULL,58,NULL,2,False,,,40.01593,-75.1295,,,,,,,
65,S00065,https://apmphila.org/services/health-services/,,215-259-3373,215-259-3358,2921 North 5th St,,Philadelphia,PA,19133,Asociación Puertorriqueños en Marcha,APM Behavioral Health Center [3 of 3],,NULL,57,NULL,NULL,False,,,39.99567,-75.1391,,,,,,,
66,S00066,https://apmphila.org/services/health-services/,,267-798-7560,,112 East Allegheny Ave,,Philadelphia,PA,19134,Asociación Puertorriqueños en Marcha,APM Behavioral Health Center [2 of 3],,NULL,NULL,NULL,NULL,True,Data needs review,"Added from APM website: Does location offer MAT? [[systems data may want separate record for Admin office: 1900 North 9th St, 19122, phone = 267-296-7200]]",39.99817,-75.1288,,,,,,,
67,S00067,https://www.casacares.net/,,215-634-3259,800-273-8255,213 West Allegheny Ave,,Philadelphia,PA,19133,"CASA de Consejeria y Salud Integral, Inc. (CASA)",Casa de Consejeria,,NULL,1019,NULL,3,False,,"For site hours, see: https://www.casacares.net/ContactUs/tabid/108/Default.aspx",39.99937,-75.1337,,,,,,,
68,S00068,https://www.casacares.net/ContactUs/tabid/108/Default.aspx,,215-501-7629,,616 West Lehigh Ave,,Philadelphia,PA,19133,"CASA de Consejeria y Salud Integral, Inc. (CASA)",Casa de Consejeria,,NULL,63,NULL,NULL,False,,"For site hours, see: https://www.casacares.net/ContactUs/tabid/108/Default.aspx",39.99219,-75.1428,,,,,,,
69,S00069,https://catchinc.com/mission/team/type/psychiatric-team/,,215-735-7435,215-755-6112,2401 Penrose Ave,2nd Floor,Philadelphia,PA,19145,CATCH (Citizens Acting Together Can Help),River’s Bend Addiction Treatment,,NULL,NULL,NULL,NULL,True,Data needs review,"[_] Contact https://catchinc.com/services about whether/which location(s) offer MAT (Elton Smith has buprenorphine waiver); replaced ""1400 Reed St, 19146"" with potentially more relevant option from CATCH website",39.90895,-75.188,,,,,,,
70,S00070,http://www.jfkbhc.org/,,215-235-5520,,907 North Broad St,,Philadelphia,PA,19123,"Centralized Comprehensive Human Services, Inc.","John F. Kennedy Behavioral Health Center, Satellite Office",,NULL,7,16,15,False,,,39.97043,-75.1592,,,,,,,
71,S00071,http://www.jfkbhc.org/,,215-568-0860,,112 North Broad St,,Philadelphia,PA,19102,"Centralized Comprehensive Human Services, Inc.",John F. Kennedy Behavioral Health Center,,NULL,66,NULL,16,False,,,39.95498,-75.1635,,,,,,,
72,S00072,https://www.comhar.org/,,267-861-4382,,2055 East Allegheny Ave,,Philadelphia,PA,19134,COMHAR,COMHAR: The Welcome Center,,NULL,NULL,NULL,5,False,,phone1 = COMHAR Central Registration from https://www.comhar.org/mental-health-wellness,39.993,-75.1098,,,,,,,
73,S00073,https://www.comhar.org/latino-treatment-program,,215-739-2669,,2600 North American St,,Philadelphia,PA,19133,COMHAR,COMHAR: Latino Treatment Program,,NULL,NULL,NULL,6,False,,,39.99021,-75.1369,,,,,,,
74,S00074,https://drexel.edu/medicine/community-engagement/patient-care/the-caring-together-program/,,215-967-2130,,4700 Wissahickon Ave,"Building C, Suite 102",Philadelphia,PA,19144,Drexel University Medicine,The Caring Together Program,,NULL,11,NULL,8,False,,,40.01535,-75.1738,,,,,,,
75,S00075,https://drexel.edu/medicine/community-engagement/patient-care/partnership-comprehensive-care-practice/,,215-762-2530,,1427 Vine St,2nd Floor,Philadelphia,PA,19102,Drexel University Medicine,Partnership Comprehensive Care Practice,,NULL,NULL,NULL,NULL,False,,Also see https://towerhealth.org/locations/tower-health-medical-group-infectious-disease-philadelphia,39.95849,-75.1637,,,,,,,
76,S00076,https://towerhealth.org/locations/drexel-partnership,,215-762-6565,,1427 Vine St,6th Floor,Philadelphia,PA,19102,Tower Health,Drexel Partnership,,NULL,NULL,NULL,NULL,False,,,39.95849,-75.1637,,,,,,,
77,S00077,https://towerhealth.org/locations/psychiatry-tower-health-medical-group-vine-street,,267-507-6581,,1427 Vine St,8th Floor,Philadelphia,PA,19102,Tower Health,Psychiatry - Vine Street,,NULL,NULL,NULL,NULL,False,,,39.95849,-75.1637,,,,,,,
78,S00078,https://towerhealth.org/locations/chestnut-hill-hospital,,215-248-8200,,8835 Germantown Ave,,Philadelphia,PA,19118,Tower Health,Chestnut Hill Hospital,,NULL,NULL,NULL,NULL,False,,,40.07969,-75.2124,,,,,,,
79,S00079,https://towerhealth.org/locations/tower-health-medical-group-family-medicine-residency-chestnut-hill,,215-248-8145,,8815 Germantown Ave,5th Floor,Philadelphia,PA,19118,Tower Health,Family Medicine Residency - Chestnut Hill,,NULL,NULL,NULL,NULL,False,,,40.07873,-75.2124,,,,,,,
80,S00080,https://towerhealth.org/locations/tower-health-medical-group-family-medicine-broad-street,,215-762-5145,,219 North Broad St,1st Floor,Philadelphia,PA,19107,Tower Health,Family Medicine - Broad Street,,NULL,NULL,NULL,NULL,False,,,39.9569,-75.1625,,,,,,,
81,S00081,https://www.einstein.edu/einstein-medical-center-philadelphia,,215-456-7890,,5501 Old York Rd,,Philadelphia,PA,19141,Einstein Healthcare Network,Einstein Medical Center,,NULL,NULL,NULL,44,False,,,40.03688,-75.1446,,,,,,,
82,S00082,https://www.gaudenzia.org/,,215-924-6322,,1300 East Tulpehocken St,,Philadelphia,PA,19138,Gaudenzia,New Image,,NULL,42,NULL,NULL,False,,,40.05689,-75.1642,,,,,,,
83,S00083,https://www.gaudenzia.org/,,215-849-7200,215-849-2813,39 East School House Lane,,Philadelphia,PA,19144,Gaudenzia,Outreach II / Recovery House,,NULL,33,NULL,NULL,False,,"[_] Does this address need separate records for distinct programs? | Gaudenzia website has ""School House"" for street_address (matches Google Maps) vs. ""Schoolhouse"" in SAMHSA FT Loc",40.03519,-75.1722,,,,,,,
84,S00084,https://www.gaudenzia.org/,,,,5401 Wayne Ave,,Philadelphia,PA,19144,Gaudenzia,Re-Entry House,,NULL,31,NULL,NULL,False,,,40.02961,-75.1746,,,,,,,
85,S00085,https://www.gaudenzia.org/,,215-423-6766,,3200 Henry Ave,,Philadelphia,PA,19129,Gaudenzia,Gaudenzia Diagnostic & Rehabilitation Center (DRC),,NULL,26,NULL,10,False,,,40.0096,-75.1812,,,,,,,
86,S00086,https://www.gaudenzia.org/,,215-228-7595,215-228-0644,1834 West Tioga St,,Philadelphia,PA,19140,Gaudenzia,Gaudenzia WINNER Program / Philly House,,NULL,39,NULL,NULL,False,,[_] Does this address need separate records for distinct programs?,40.00694,-75.1597,,,,,,,
87,S00087,https://www.gaudenzia.org/,,215-223-9460,,3025 North Broad St,,Philadelphia,PA,19132,Gaudenzia,Broad Street R.I.N.T.,,NULL,67,NULL,NULL,False,,"Gaudenzia website has ""3025-21"" for street_address",39.99927,-75.1531,,,,,,,
88,S00088,https://www.gaudenzia.org/,,215-985-1200,215-985-2143,1516 Washington Ave,,Philadelphia,PA,19146,Gaudenzia,Washington House / Joy of Living,,NULL,62,NULL,NULL,False,,"[_] Does this address need two separate records? | Gaudenzia website has  street_address ""1515-1518"" for Washington House",39.93814,-75.1694,,,,,,,
89,S00089,https://www.gaudenzia.org/,,215-238-2163,,1306 Spring Garden St,2nd Floor,Philadelphia,PA,19123,Gaudenzia,Withdrawal and Referral Management Stablization Program (WARMS),,NULL,"[20, 1005]",NULL,"[9, 49]",False,,[_] This address almost surely needs multiple records (different programs on different floors),39.96194,-75.1596,,,,,,,
180,S00180,https://www.gaudenzia.org/,,833-647-0719,,106 West Main St,,Philadelphia,PA,19401,Gaudenzia,Main Admin Office,,,,,,True,Not a practice site,,40.11486,-75.3462,,,,,,,
90,S00090,https://hospitals.jefferson.edu/departments-and-services/obstetrics-and-gynecology/programs-and-services/maternal-addiction-treatment.html,,215-955-3792,800-533-3669,1239 Spring Garden St,,Philadelphia,PA,19123,Jefferson University Hospitals,My Sister’s Place (MSP),,NULL,50,NULL,NULL,False,,See also https://hospitals.jefferson.edu/departments-and-services/vickie-and-jack-farber-institute-for-neuroscience/programs/psychiatry-and-human-behavior/substance-abuse-programs.html,39.96228,-75.1591,,,,,,,
91,S00091,https://hospitals.jefferson.edu/departments-and-services/vickie-and-jack-farber-institute-for-neuroscience/programs/psychiatry-and-human-behavior/substance-abuse-programs.html,,215-735-5979,,1021 South 21st St,"1st Floor, NE Corner, 21st St & Washington Ave",Philadelphia,PA,19146,Jefferson University Hospitals,Narcotic Addiction Rehabilitation Program (NARP),,NULL,19,4,37,False,,See also https://www.jefferson.edu/university/jmc/departments/psychiatry/clinical/programs.html,39.94001,-75.178,,,,,,,
92,S00092,https://hospitals.jefferson.edu/find-a-location/locations/1015-walnut-street.html,,215-503-6337,,1015 Walnut St,Suite 401,Philadelphia,PA,19107,Jefferson University Hospitals,Thomas Jefferson University Hospital,,NULL,NULL,NULL,NULL,False,,"Why do multiple buprenorphine providers list this address, when site does not appear to offer MAT? https://www.jefferson.edu/university/skmc/departments/family-medicine/fellowships/Hospice-Palliative/faculty.html",39.94879,-75.1579,,,,,,,
93,S00093,https://hospitals.jefferson.edu/find-a-location/locations/1233-locust-street.html,,215-955-8577,215-955-3792,1233 Locust St,Suite 401,Philadelphia,PA,19107,Jefferson University Hospitals,Family Center of Thomas Jefferson University,,NULL,24,3,36,False,,See also https://hospitals.jefferson.edu/departments-and-services/obstetrics-and-gynecology/programs-and-services/maternal-addiction-treatment.html,39.94793,-75.1617,,,,,,,
94,S00094,https://www.jefferson.edu/university/jmc/departments/psychiatry/clinical/programs.html,,215-955-8420,215-955-8856,833 Chestnut St East,Suite 210-E,Philadelphia,PA,19107,Jefferson University Hospitals,Jefferson Outreach Program,,NULL,35,NULL,NULL,False,,[_] Address offers 2+ programs: Create second record for IOP (with phone2)?,39.9499,-75.1551,,,,,,,
95,S00095,https://www.jefferson.edu/university/jmc/departments/psychiatry/clinical/programs.html,,215-790-9942,,1021 South 21st St,"2nd Floor, NE Corner, 21st St & Washington Ave",Philadelphia,PA,19146,Jefferson University Hospitals,Jefferson Intensive Substance Abuse Treatment Program (IOP),,NULL,56,NULL,NULL,False,,See also https://hospitals.jefferson.edu/departments-and-services/vickie-and-jack-farber-institute-for-neuroscience/programs/psychiatry-and-human-behavior/substance-abuse-programs.html,39.94001,-75.178,,,,,,,
96,S00096,https://www.merakey.org/,,215-754-0240,,5429 Germantown Ave,,Philadelphia,PA,19144,Merakey,Merakey [Germantown Ave],,NULL,6,14,19,False,,"Merakey website has ""5429-37"" for street_address",40.03383,-75.171,,,,,,,
97,S00097,https://www.merakey.org/,,215-879-6116,,5000 Parkside Ave,,Philadelphia,PA,19131,Merakey,Merakey [Parkside Ave],,NULL,3,8,18,False,,,39.97968,-75.2198,,,,,,,
98,S00098,https://www.merakey.org/,,215-632-9040,,11082 Knights Rd,,Philadelphia,PA,19154,Merakey,Merakey [Knights Rd],,NULL,21,NULL,21,False,,,40.08363,-74.9753,,,,,,,
99,S00099,https://www.merakey.org/,,215-634-2520,,100 East Lehigh Ave,MAB Suite 201,Philadelphia,PA,19125,Merakey,Merakey at Temple Health Episcopal Hospital,,NULL,NULL,NULL,20,False,,,39.98968,-75.1282,,,,,,,
100,S00100,http://netcenters.org/services/addiction-recovery-programs/,,215-743-6150,,2205 Bridge St.,,Philadelphia,PA,19137,NET Community Care,NET Steps,,NULL,"[2, 10]",11,24,False,,"[_] Does this record need a separate entry for NET Community Care: Wharton Residential Center (phone = 215-288-5490, samhsa_ftloc = 10)?",40.01053,-75.0694,,,,,,,
101,S00101,http://netcenters.org/services/addiction-recovery-programs/,,267-348-3550,,7520 State Rd,,Philadelphia,PA,19136,NET Community Care,NET Steps,,NULL,4,15,25,False,,,40.02957,-75.0268,,,,,,,
102,S00102,http://netcenters.org/services/addiction-recovery-programs/,,215-451-7100,,499 North 5th St,Suite C,Philadelphia,PA,19123,NET Community Care,Spring Garden Counseling Center,,NULL,14,19,"[23, 42]",False,,Admin office is at Suite A of this address (phone 215-451-7000),39.96049,-75.1467,,,,,,,
103,S00103,http://netcenters.org/services/addiction-recovery-programs/,,267-597-3920,,4625 Frankford Ave,,Philadelphia,PA,19124,NET Community Care,Frankford Avenue Counseling Center,,NULL,51,NULL,26,False,,,40.0152,-75.0848,,,,,,,
104,S00104,http://netcenters.org/services/addiction-recovery-programs/,,215-747-6480,,5501 Chestnut St,,Philadelphia,PA,19139,NET Community Care,West Counseling Center,,NULL,1018,NULL,NULL,False,,,39.95944,-75.2313,,,,,,,
105,S00105,http://netcenters.org/services/addiction-recovery-programs/,,215-226-1600,,2701 North Broad St,,Philadelphia,PA,19132,NET Community Care,North Counseling Center,,NULL,NULL,NULL,NULL,True,Data needs review,Added from NET website: Does location offer MAT?,39.99429,-75.1538,,,,,,,
106,S00106,https://bewellctr.org/,,215-787-2407,,801 West Girard Ave,,Philadelphia,PA,19122,North Philadelphia Health Systems (NPHS),The Behavioral Wellness Center at Girard,,NULL,"[47, 9, 46, 49]",6,22,False,,"See also FQHC record for same address; also, URL www.nphs.com redirects to bewellctr.org",39.97151,-75.1502,,,,,,,
107,S00107,http://www.nphs.com,,215-787-2407,,801 West Girard Ave,,Philadelphia,PA,19122,North Philadelphia Health Systems (NPHS),Goldman Clinic / Girard Medical Center,,NULL,"[41, 44, 45]",6,22,False,,URL redirects from www.nphs.com,39.97151,-75.1502,,,,,,,
108,S00108,https://www.med.upenn.edu/hallmercer/,,,,245 South 8th St,,Philadelphia,PA,19106,Penn Medicine,,,NULL,NULL,NULL,45,False,,,39.9467,-75.1545,,,,,,,
109,S00109,https://www.med.upenn.edu/penn-promotes/mwi.html,,,,3400 Spruce St,,Philadelphia,PA,19104,Penn Medicine,,,NULL,NULL,NULL,29,False,,,39.94998,-75.1941,,,,,,,
110,S00110,https://www.med.upenn.edu/psychiatry/presbyterian_treatment.html,,,,3910 Powelton Ave,,Philadelphia,PA,19104,Penn Medicine,,,NULL,NULL,NULL,NULL,False,,,39.9586,-75.2008,,,,,,,
111,S00111,https://www.med.upenn.edu/recovery/,,,,"4040 Market St, 2nd Floor",Suites 200 and 220,Philadelphia,PA,19104,Penn Medicine,,,NULL,29,NULL,NULL,False,,,39.95689,-75.2033,,,,,,,
112,S00112,https://www.pennmedicine.org/,,,,51 North 39th St,,Philadelphia,PA,19104,Penn Medicine,,,NULL,22,NULL,NULL,False,,,39.95855,-75.1983,,,,,,,
113,S00113,https://ppponline.org/,,,,2913-2915 Kensington Ave,,Philadelphia,PA,19134,Prevention Point,Prevention Point,,NULL,NULL,NULL,33,False,,,39.99273,-75.1196,,,,,,,
114,S00114,https://www.projecttransition.com/,,,,6201 North Front St,Suite 106,Philadelphia,PA,19120,Project Transition,,,NULL,1004,NULL,NULL,False,,,40.04513,-75.118,,,,,,,
115,S00115,https://www.projecttransition.com/,,,,5003 Umbria St,,Philadelphia,PA,19128,Project Transition,,,NULL,1008,NULL,NULL,False,,,40.03669,-75.2359,,,,,,,
116,S00116,https://www.projecttransition.com/,,,,3901 Conshohocken Ave,,Philadelphia,PA,19131,Project Transition,,,NULL,1009,NULL,NULL,False,,,40.00431,-75.2068,,,,,,,
117,S00117,https://www.phmc.org/site/,,,,4108 Parkside Ave,,Philadelphia,PA,19104,Public Health Management Corporation (PHMC),,,NULL,48,NULL,NULL,False,,,39.97521,-75.2074,,,,,,,
118,S00118,https://consortiuminc.org/,,,,451 South University Ave,,Philadelphia,PA,19104,"The Consortium, Inc",,,NULL,"[8, 36]",7,7,False,,,39.94689,-75.1984,,,,,,,
119,S00119,https://consortiuminc.org/,,,,137 South 58th St,,Philadelphia,PA,19139,"The Consortium, Inc",,,NULL,1012,NULL,NULL,False,,,39.95861,-75.2371,,,,,,,
120,S00120,http://thehealingway.net/,,215-335-3520,,7900 Frankford Ave,,Philadelphia,PA,19136,,The Healing Way,,NULL,60,17,NULL,False,,,40.04111,-75.0298,,,,,,,
121,S00121,http://www.aandorecoveryservices.org/,,215-426-1992,,3319 Kensington Ave,,Philadelphia,PA,19134,,Alpha and Omega Recovery Services,,NULL,1011,NULL,NULL,True,Data needs review,Did site close in 2020? http://web.archive.org/web/20200223214756/http://aandorecoveryservices.org:80/index.html,39.99803,-75.1102,,,,,,,
122,S00122,http://www.kirkbridecenter.com/,,215-471-2600,,111 North 49th St,,Philadelphia,PA,19139,,Kirkbride Center,,NULL,5,9,NULL,False,,,39.96116,-75.2194,,,,,,,
123,S00123,http://www.mwfhe.org/,,267-639-9265,215-769-7045,2603 Cecil B. Moore Ave,,Philadelphia,PA,19121,,"Men & Women for Human Excellence, Inc., Opioid Treatment Program",,NULL,NULL,21,NULL,False,,"OTP certification ""Provisional"" in Jan 2021; website lists additional phone 215-769-7045; removed ""W[est]"" from street_address to match Google Maps",39.98139,-75.1774,,,,,,,
124,S00124,http://www.pathcenter.org/,,215-728-4600,,8220 Castor Ave,,Philadelphia,PA,19152,,"People Acting To Help, Inc. (PATH), Main Campus",,NULL,1017,NULL,30,False,,"[_] Check relationship to Friends Hospital, listed on PATH website as PATH Residential Treatment Facility with same address (4641 Roosevelt Blvd, 19124), but distinct phone = 215-305-6671",40.06506,-75.0532,,,,,,,
125,S00125,http://www.soarcorp.org/,,215-464-4450,,9150 Marshall St,Suite 2,Philadelphia,PA,19114,,SOAR Corporation,,NULL,28,18,35,False,,"[_] Check address_suppl: Suite 2 (2021 website, DBHIDS TAD) or Suite 18 (SAMHSA FT Loc)?",40.07245,-75.0319,,,,,,,
126,S00126,https://fairmountbhs.com/,,,,561 Fairthorne Ave,,Philadelphia,PA,19128,,,,NULL,13,NULL,NULL,False,,,40.04305,-75.2212,,,,,,,
127,S00127,https://friendshospital.com/,,215-831-4600,,4641 Roosevelt Blvd,,Philadelphia,PA,19124,,Friends Hospital,,NULL,NULL,NULL,43,False,,"[_] Check relationship to PATH Residential Treatment Facility, listed on PATH website with different phone (215-305-6671) but same address (4641 Roosevelt Blvd, 19124)",40.02617,-75.1038,,,,,,,
128,S00128,https://intercommunityaction.org/,,,,6122 Ridge Ave,,Philadelphia,PA,19128,,,,NULL,65,NULL,NULL,False,,,40.0338,-75.216,,,,,,,
129,S00129,https://interimhouse.phmc.org/,,,,333 West Upsal St,,Philadelphia,PA,19119,,,,NULL,25,NULL,12,False,,,40.04332,-75.1888,,,,,,,
130,S00130,https://kensingtonhospital.org/,,,,136 West Diamond St,,Philadelphia,PA,19122,,,,NULL,59,NULL,17,False,,"updated site (""coming soon"") expected by early March 2021",39.98183,-75.1347,,,,,,,
131,S00131,https://kensingtonhospital.org/,,,,2100 North Front St,,Philadelphia,PA,19122,,,,NULL,54,13,NULL,False,,"updated site (""coming soon"") expected by early March 2021",39.98176,-75.1331,,,,,,,
132,S00132,https://livengrin.org/,,,,9140 Academy Rd,,Philadelphia,PA,19114,,,,NULL,61,NULL,NULL,False,,,40.05534,-75.0079,,,,,,,
133,S00133,https://medicine.temple.edu/news/temple-launches-center-excellence-address-opioid-use-pregnancy,,,,3401 North Broad St,,Philadelphia,PA,19140,,,,NULL,NULL,NULL,38,False,,,40.00473,-75.1522,,,,,,,
134,S00134,https://rehabafterwork.pyramidhealthcarepa.com/locations/pennsylvania/center-city-philadelphia/,,610-644-6464,215-546-2200,1420 Walnut St,Suite 500,Philadelphia,PA,19102,"Onward Behavioral Health, Pyramid Healthcare, Inc.","Rehab After Work, Outpatient Rehab in Philadelphia",,NULL,27,NULL,NULL,False,,,39.94918,-75.1655,,,,,,,
135,S00135,https://rehabafterwork.pyramidhealthcarepa.com/locations/pennsylvania/northeast-philadelphia/,,610-644-6464,888-694-9996,9815 Roosevelt Boulevard,Suite B,Philadelphia,PA,19114,"Onward Behavioral Health, Pyramid Healthcare, Inc.","Rehab After Work, Substance Abuse Treatment in Northeast Philadelphia",,NULL,1003,NULL,NULL,False,,,40.08594,-75.0221,,,,,,,
136,S00136,https://selfhelpmovement.org/,,215-677-7778,215-915-0002,2600 Southampton Rd,,Philadelphia,PA,19116,,"Self Help Movement, Inc.",,NULL,30,20,NULL,False,,,40.11984,-74.9953,,,,,,,
137,S00137,https://www.amhainc.org/,,,,928 Market St,,Philadelphia,PA,19107,,,,NULL,52,1,1,False,,,39.9514,-75.1561,,,,,,,
138,S00138,https://www.aporiagroup.com/,,,,525 South 4th St,"2nd Floor, Suite 243",Philadelphia,PA,19147,,,,NULL,1015,NULL,NULL,False,,,39.94187,-75.1489,,,,,,,
139,S00139,https://www.belmontbehavioral.com/,,,,4200 Monument Rd,,Philadelphia,PA,19131,,,,NULL,68,NULL,NULL,False,,,39.99949,-75.2153,,,,,,,
140,S00140,https://www.cleanslatecenters.com/philadelphia-port-richmond-pennsylvania,,,,3380 Memphis St,,Philadelphia,PA,19134,CleanSlate Outpatient Addiction Medicine,"CleanSlate (Port Richmond, PA)",,NULL,NULL,NULL,NULL,False,,,39.99129,-75.1025,,,,,,,
141,S00141,https://www.coraservices.org/,,,,8540 Verree Rd,,Philadelphia,PA,19111,,,,NULL,1002,NULL,NULL,False,,,40.08124,-75.0685,,,,,,,
142,S00142,https://www.geogroup.com/,,,,3768 L St,,Philadelphia,PA,19124,,,,NULL,1006,NULL,NULL,False,,,40.00466,-75.1035,,,,,,,
143,S00143,https://www.gpasspa.org/,,,,4943 North 5th St,,Philadelphia,PA,19120,,,,NULL,37,NULL,11,False,,,40.02694,-75.1323,,,,,,,
144,S00144,https://www.hhinc.org/,,,,2137 North 33rd St,,Philadelphia,PA,19121,,,,NULL,40,NULL,NULL,False,,,39.98993,-75.1863,,,,,,,
145,S00145,https://www.jevshumanservices.org/,,,,1745 North 4th St,,Philadelphia,PA,19122,,,,NULL,53,2,14,False,,,39.97749,-75.1414,,,,,,,
146,S00146,https://www.jevshumanservices.org/,,,,5820 Old York Rd,,Philadelphia,PA,19141,,,,NULL,55,12,13,False,,,40.04204,-75.1447,,,,,,,
147,S00147,https://www.mainlinehealth.org/find-a-doctor/mario-littman,,,,7300 City Ave,Suite 203,Philadelphia,PA,19151,,,,NULL,NULL,NULL,NULL,False,,,39.98021,-75.2676,,,,,,,
148,S00148,https://www.mazzonicenter.org/,,,,1348 Bainbridge St,,Philadelphia,PA,19147,,,,NULL,34,NULL,NULL,False,,,39.94261,-75.165,,,,,,,
149,S00149,https://www.paatc.org/,,,,329 East Wister St,,Philadelphia,PA,19144,,,,NULL,1014,NULL,NULL,False,,,40.03366,-75.1615,,,,,,,
150,S00150,https://www.philachildrenscrc.com/,,,,3300 Henry Ave,,Philadelphia,PA,19129,,Philadelphia Children’s Crisis Response Center,,NULL,NULL,NULL,47,False,,,40.01138,-75.1843,,,,,,,
151,S00151,https://www.philadelphia.va.gov/,,,,3900 Woodland Ave,,Philadelphia,PA,19104,,Philadelphia VA Medical Center (PVAMC),,NULL,"[18, 1]",5,NULL,False,,,39.94977,-75.2012,,,,,,,
152,S00152,https://www.providencetreatment.com/,,,,1528 Walnut St,Suite 1410,Philadelphia,PA,19102,,,,NULL,1001,NULL,NULL,False,,,39.94962,-75.1669,,,,,,,
153,S00153,https://www.rhd.org/morrishome/,,,,5037 Woodland Ave,,Philadelphia,PA,19143,,,,NULL,1013,NULL,NULL,False,,,39.9394,-75.2152,,,,,,,
154,S00154,https://www.swnustop.com/,,,,5616 Woodland Ave,,Philadelphia,PA,19143,,,,NULL,43,NULL,NULL,False,,,39.9338,-75.2221,,,,,,,
155,S00155,https://www.templehealth.org/locations/temple-health-episcopal-campus,,,,100 East Lehigh Ave,,Philadelphia,PA,19125,,,,NULL,NULL,NULL,46,False,,,39.98968,-75.1282,,,,,,,
156,S00156,https://www.thebridgephiladelphia.org/,,,,1100 Adams Ave,,Philadelphia,PA,19124,,,,NULL,1007,NULL,NULL,False,,,40.01634,-75.0949,,,,,,,
157,S00157,https://www.trinityhealthma.org/,,,,501 South 54th St,,Philadelphia,PA,19143,,,,NULL,38,10,50,False,,URL redirects from mercyhealth.org,39.95241,-75.2302,,,,,,,
158,S00158,https://www.wedgepc.com/,,,,4243 Frankford Ave,,Philadelphia,PA,19124,Wedge Recovery Centers,,,NULL,15,NULL,41,False,,,40.00938,-75.089,,,,,,,
159,S00159,https://www.wedgepc.com/,,,,3609 North Broad St,,Philadelphia,PA,19140,Wedge Recovery Centers,,,NULL,16,NULL,39,False,,,40.00798,-75.1511,,,,,,,
160,S00160,https://www.wedgepc.com/,,,,2009 South Broad St,,Philadelphia,PA,19148,Wedge Recovery Centers,,,NULL,17,NULL,40,False,,,39.92523,-75.169,,,,,,,
161,S00161,https://www.wifamilyhealth.org/,,,,5936 Chestnut St,1st Floor,Philadelphia,PA,19139,,,,NULL,64,NULL,NULL,False,,,39.96018,-75.2405,,,,,,,
162,S00162,https://aschermd.com/,,646-812-1421,,130 South 18th St,Apt 2102,Philadelphia,PA,19103,,"Michael Ascher, M.D., Psychiatry in Philadelphia & the Main Line",,NULL,NULL,NULL,NULL,False,,,39.95077,-75.1709,,,,,,,
163,S00163,https://www.bayada.com/offices/pa/philadelphia/1020-n--delaware-ave/home-health,,,,1020 North Delaware Ave,,Philadelphia,PA,19125,,,,NULL,NULL,NULL,NULL,False,,,39.96594,-75.1325,,,,,,,
164,S00164,https://couragemedicine.org/,,,,1010 West Lehigh Ave,,Philadelphia,PA,19133,,Courage Medicine,,NULL,NULL,NULL,NULL,True,Data needs review,This address is listed in the provider's data but conflicts with practice website,39.99289,-75.1485,,,,,,,
165,S00165,https://couragemedicine.org/about/,,215-385-5031,,7198 Castor Ave,,Philadelphia,PA,19149,,Courage Medicine,,NULL,NULL,NULL,NULL,True,Data needs review,"This address is listed on the practice website, but conflicts with provider's data",40.0492,-75.0684,,,,,,,
166,S00166,https://beasleyaddiction.com/,,267-417-9078,,2401 Pennsylvania Ave,E 1C44-45,Philadelphia,PA,19130,,Beasley Addiction Specialists,,NULL,NULL,NULL,NULL,False,,,39.96661,-75.1779,,,,,,,
167,S00167,https://www.beaumontretirement.com/about/management-team/,,,,1201 Latona St,,Philadelphia,PA,19147,,,,NULL,NULL,NULL,NULL,False,,,39.93472,-75.1643,,,,,,,
168,S00168,https://chrispagnanimd.com/,,267-687-0655,,1528 Walnut St,Suite 1415,Philadelphia,PA,19102,,"Chris Pagnani, MD PC, Private Practice of Psychiatry, Philadelphia",,NULL,NULL,NULL,NULL,False,,,39.94962,-75.1669,,,,,,,
169,S00169,https://www.familymedassoc.com/,,,,205 North Broad St,Suite 500,Philadelphia,PA,19107,,,,NULL,NULL,NULL,NULL,False,,,39.95639,-75.1627,,,,,,,
170,S00170,https://richardsobelmd.com/,,,,1500 Walnut St,Suite 902,Philadelphia,PA,19102,,,,NULL,NULL,NULL,NULL,False,,,39.9492,-75.1663,,,,,,,
171,S00171,https://www.myexecutivehealth.com/,,,,1845 Walnut St,Suite 1540,Philadelphia,PA,19103,,,,NULL,NULL,NULL,NULL,False,,,39.95067,-75.1716,,,,,,,
172,S00172,http://www.philapainclinic.com/,,215-969-2331,,12000 Bustleton Ave,Suite 208,Philadelphia,PA,19116,,Phila Pain Clinic,,NULL,NULL,NULL,NULL,True,Data needs review,[_] Is pain management clinic suitable for listing on MAT finder?,40.12235,-75.0167,,,,,,,
173,S00173,https://www.hhinc.org/,,,,5901 Market St,3rd Floor,Philadelphia,PA,19139,,,,NULL,NULL,NULL,NULL,False,,,39.96207,-75.239,,,,,,,
174,S00174,https://www.cctckids.org/about-us/overview/,,,,1080 North Delaware Ave,Suite 600,Philadelphia,PA,19125,,,,NULL,NULL,NULL,NULL,False,,,39.96568,-75.1325,,,,,,,
175,S00175,,,,,3396 Miller St,,Philadelphia,PA,19134,,New Journeys in Recovery,,NULL,1010,NULL,NULL,True,Data needs review,Did site close after 2020? http://web.archive.org/web/20201020175717/http://njir-phila.org/,39.98911,-75.1003,,,,,,,
176,S00176,https://web.archive.org/web/20151108032653/http://www.covenanthousehealth.org/,,215-844-1020,,251 East Bringhurst St,,Philadelphia,PA,19144,"Covenant House Health Services, Inc.",Main Admin Office,,64,NULL,NULL,NULL,True,Not a practice site,URL converted to most recent archival copy available (2015),40.03465,-75.1649,,,,,,,
177,S00177,,,215-248-7561,,8125 Stenton Ave,,Philadelphia,PA,19150,"Covenant House Health Services, Inc.",Mt. Pleasant Health Center,,67,NULL,NULL,NULL,False,,"Only indirect URLs found, e.g. https://www.freeclinics.com/det/pa_19150_mt-pleasant-medical-center-covenant-house",40.06752,-75.1789,,,,,,,
178,S00178,,,267-331-9832,,138 Chelten Ave,2nd Floor Rear,Philadelphia,PA,19144,"Covenant House Health Services, Inc.",Covenant House Health and Dental Center,,66,NULL,NULL,NULL,False,,No online information found for this street address,40.03297,-75.1776,,,,,,,
179,S00179,,,215-844-0181,,251 East Bringhurst St,,Philadelphia,PA,19144,"Covenant House Health Services, Inc.",Covenant House Health Services,,65,NULL,NULL,NULL,False,,"URL from HFP (http://www.covenanthousehealth.org/) has been inactive since 2016 | Only indirect URLs found, e.g. https://www.freeclinics.com/det/pa_Covenant_House_Inc",40.03465,-75.1649,,,,,,,